,ADX
2024-01-16,27.4156
2024-01-15,28.5574
2024-01-12,30.1132
2024-01-11,32.0713
2024-01-10,35.4918
2024-01-09,38.9411
2024-01-08,43.0329
2024-01-05,45.9170
2024-01-04,47.7411
2024-01-03,50.6984
2024-01-02,53.9844
2024-01-01,54.4778
2023-12-29,54.5010
2023-12-28,53.8974
2023-12-27,52.1569
2023-12-26,50.7670
2023-12-22,50.1257
2023-12-21,49.4132
2023-12-20,48.6215
2023-12-19,48.7822
2023-12-18,49.5744
2023-12-15,49.4389
2023-12-14,49.2883
2023-12-13,49.4873
2023-12-12,50.8758
2023-12-11,50.1298
2023-12-08,46.7261
2023-12-07,43.1268
2023-12-06,39.6209
2023-12-05,35.5630
2023-12-04,31.0632
2023-12-01,26.6677
2023-11-30,23.8514
2023-11-29,20.7221
2023-11-28,17.7336
2023-11-24,16.5383
2023-11-23,15.6578
2023-11-22,15.9185
2023-11-21,16.7686
2023-11-20,16.4265
2023-11-17,17.1672
2023-11-16,18.7214
2023-11-15,17.8715
2023-11-13,17.9576
2023-11-10,19.5072
2023-11-09,21.2288
2023-11-08,22.4758
2023-11-07,23.8612
2023-11-06,25.4006
2023-11-03,27.8354
2023-11-02,29.6022
2023-11-01,31.4840
2023-10-31,31.8612
2023-10-30,33.1367
2023-10-27,33.1033
2023-10-26,31.3188
2023-10-25,29.3360
2023-10-23,29.0973
2023-10-20,29.5806
2023-10-19,29.8420
2023-10-18,30.2149
2023-10-17,31.7799
2023-10-16,35.0909
2023-10-13,36.0785
2023-10-12,37.8916
2023-10-11,40.0530
2023-10-10,41.2054
2023-10-09,40.5463
2023-10-06,39.8141
2023-10-05,40.0346
2023-10-04,40.4754
2023-10-03,38.6759
2023-09-29,37.4817
2023-09-28,37.1238
2023-09-27,36.7262
2023-09-26,35.6056
2023-09-25,34.8588
2023-09-22,34.0436
2023-09-21,33.1378
2023-09-20,32.7368
2023-09-18,33.3989
2023-09-15,34.3695
2023-09-14,32.2623
2023-09-13,31.2612
2023-09-12,30.1488
2023-09-11,29.6341
2023-09-08,29.5632
2023-09-07,29.7964
2023-09-06,31.8742
2023-09-05,34.8886
2023-09-04,36.6380
2023-09-01,39.0181
2023-08-31,39.8608
2023-08-30,41.0705
2023-08-29,43.4662
2023-08-28,44.3832
2023-08-25,43.5033
2023-08-24,41.3983
2023-08-23,40.0726
2023-08-22,37.7875
2023-08-21,35.6179
2023-08-18,33.5976
2023-08-17,30.7645
2023-08-16,28.0522
2023-08-14,24.9960
2023-08-11,22.5599
2023-08-10,20.9220
2023-08-09,20.3255
2023-08-08,19.6021
2023-08-07,19.7665
2023-08-04,20.4420
2023-08-03,20.3343
2023-08-02,19.5050
2023-08-01,19.3448
2023-07-31,20.6164
2023-07-28,20.8563
2023-07-27,21.2659
2023-07-26,22.9676
2023-07-25,22.3395
2023-07-24,21.7011
2023-07-21,22.1533
2023-07-20,22.4023
2023-07-19,21.6791
2023-07-18,21.0281
2023-07-17,20.3048
2023-07-14,20.9137
2023-07-13,22.3952
2023-07-12,24.3886
2023-07-11,26.6034
2023-07-10,28.5191
2023-07-07,30.2630
2023-07-06,31.7100
2023-07-05,33.3179
2023-07-04,34.0064
2023-07-03,30.2266
2023-06-30,26.0268
2023-06-29,22.7653
2023-06-28,22.0039
2023-06-27,20.7000
2023-06-26,19.8471
2023-06-23,20.8420
2023-06-22,21.3079
2023-06-21,21.2603
2023-06-20,23.1657
2023-06-19,22.3489
2023-06-16,22.1916
2023-06-15,21.0075
2023-06-14,19.1074
2023-06-13,18.9668
2023-06-12,18.1499
2023-06-09,18.2500
2023-06-08,19.3657
2023-06-07,20.6053
2023-06-06,19.7425
2023-06-05,18.2510
2023-06-02,17.4984
2023-06-01,16.4263
2023-05-31,15.2350
2023-05-30,14.2679
2023-05-29,15.2989
2023-05-26,16.3247
2023-05-25,14.5599
2023-05-24,12.5990
2023-05-23,11.7201
2023-05-22,12.7777
2023-05-19,13.9529
2023-05-18,14.9309
2023-05-17,16.3567
2023-05-16,18.0296
2023-05-15,18.3012
2023-05-12,19.6080
2023-05-11,21.7151
2023-05-10,23.6578
2023-05-09,25.5519
2023-05-08,28.1117
2023-05-05,30.4834
2023-05-04,33.1187
2023-05-03,30.8646
2023-05-02,30.8590
2023-04-28,30.5236
2023-04-27,30.8026
2023-04-26,31.6030
2023-04-25,33.5507
2023-04-24,34.8559
2023-04-21,34.2613
2023-04-20,34.7419
2023-04-19,34.6411
2023-04-18,35.1099
2023-04-17,35.6309
2023-04-13,36.2097
2023-04-12,33.4559
2023-04-11,30.7677
2023-04-10,28.7251
2023-04-06,26.0466
2023-04-05,23.1524
2023-04-03,20.5327
2023-03-31,20.3774
2023-03-29,20.4436
2023-03-28,21.5453
2023-03-27,22.8072
2023-03-24,23.8141
2023-03-23,24.1597
2023-03-22,24.9788
2023-03-21,26.4511
2023-03-20,27.7126
2023-03-17,27.5189
2023-03-16,27.3037
2023-03-15,24.7279
2023-03-14,22.0251
2023-03-13,20.0894
2023-03-10,18.2579
2023-03-09,17.3705
2023-03-08,18.5796
2023-03-06,20.4918
2023-03-03,22.7063
2023-03-02,23.2331
2023-03-01,22.0686
2023-02-28,21.7508
2023-02-27,20.4166
2023-02-24,18.0354
2023-02-23,15.8598
2023-02-22,13.8614
2023-02-21,12.7207
2023-02-20,13.6656
2023-02-17,14.7156
2023-02-16,16.3248
2023-02-15,15.9745
2023-02-14,15.9691
2023-02-13,15.8019
2023-02-10,16.7430
2023-02-09,18.0400
2023-02-08,19.4811
2023-02-07,20.1443
2023-02-06,21.2895
2023-02-03,21.5361
2023-02-02,22.2642
2023-02-01,24.3184
2023-01-31,26.3044
2023-01-30,26.9224
2023-01-27,27.6091
2023-01-25,28.8077
2023-01-24,30.0105
2023-01-23,27.9367
2023-01-20,26.6013
2023-01-19,26.0714
2023-01-18,26.9013
2023-01-17,28.5563
2023-01-16,29.5600
2023-01-13,30.9154
2023-01-12,30.2527
2023-01-11,28.4814
2023-01-10,25.5177
2023-01-09,22.4788
2023-01-06,20.6139
2023-01-05,18.1951
2023-01-04,16.3022
2023-01-03,15.6676
2023-01-02,16.8644
2022-12-30,17.5401
2022-12-29,18.4400
2022-12-28,19.3662
2022-12-27,21.4302
2022-12-26,23.7235
2022-12-23,26.2716
2022-12-22,25.4163
2022-12-21,26.7145
2022-12-20,28.1569
2022-12-19,31.2202
2022-12-16,34.0935
2022-12-15,37.4474
2022-12-14,39.0921
2022-12-13,37.3376
2022-12-12,35.8102
2022-12-09,34.3404
2022-12-08,33.9925
2022-12-07,34.2449
2022-12-06,35.1407
2022-12-05,36.5525
2022-12-02,38.1211
2022-12-01,38.7750
2022-11-30,38.1737
2022-11-29,39.0546
2022-11-28,40.0728
2022-11-25,41.5245
2022-11-24,40.5241
2022-11-23,39.4126
2022-11-22,39.3350
2022-11-21,39.4877
2022-11-18,39.6573
2022-11-17,38.0999
2022-11-16,35.3390
2022-11-15,32.2715
2022-11-14,29.3802
2022-11-11,26.1676
2022-11-10,22.5981
2022-11-09,23.7495
2022-11-07,23.5548
2022-11-04,23.6757
2022-11-03,23.8100
2022-11-02,23.0580
2022-11-01,20.5330
2022-10-31,17.7274
2022-10-28,16.2005
2022-10-27,16.8871
2022-10-25,17.3260
2022-10-21,17.8137
2022-10-20,19.1776
2022-10-19,20.0134
2022-10-18,19.7260
2022-10-17,20.1854
2022-10-14,21.2133
2022-10-13,23.0596
2022-10-12,22.6060
2022-10-11,22.9970
2022-10-10,23.5571
2022-10-07,24.1794
2022-10-06,26.2973
2022-10-04,28.7270
2022-10-03,31.8519
2022-09-30,32.2607
2022-09-29,32.7149
2022-09-28,30.1025
2022-09-27,27.4182
2022-09-26,25.2524
2022-09-23,23.2888
2022-09-22,22.0223
2022-09-21,23.6988
2022-09-20,24.5901
2022-09-19,25.5804
2022-09-16,27.5574
2022-09-15,29.4436
2022-09-14,28.0019
2022-09-13,26.4936
2022-09-12,26.3661
2022-09-09,27.1912
2022-09-08,27.4536
2022-09-07,28.4581
2022-09-06,30.3969
2022-09-05,30.5378
2022-09-02,31.2567
2022-09-01,32.6883
2022-08-30,34.3879
2022-08-29,36.2763
2022-08-26,38.4272
2022-08-25,40.8516
2022-08-24,43.5454
2022-08-23,47.6133
2022-08-22,52.1736
2022-08-19,55.0955
2022-08-18,54.6366
2022-08-17,52.2014
2022-08-16,49.5379
2022-08-12,46.6691
2022-08-11,44.0804
2022-08-10,41.2041
2022-08-08,38.7090
2022-08-05,36.2595
2022-08-04,35.0963
2022-08-03,33.8038
2022-08-02,33.1530
2022-08-01,31.3838
2022-07-29,28.2423
2022-07-28,25.2402
2022-07-27,22.6830
2022-07-26,21.1540
2022-07-25,19.7891
2022-07-22,18.2726
2022-07-21,17.1639
2022-07-20,18.6876
2022-07-19,20.3807
2022-07-18,21.3951
2022-07-15,22.9209
2022-07-14,25.1078
2022-07-13,27.7720
2022-07-12,30.4581
2022-07-11,28.9245
2022-07-08,26.4323
2022-07-07,23.7547
2022-07-06,21.3041
2022-07-05,20.1856
2022-07-04,18.9427
2022-07-01,19.0658
2022-06-30,19.2111
2022-06-29,19.9060
2022-06-28,20.9039
2022-06-27,21.1468
2022-06-24,20.0491
2022-06-23,19.7471
2022-06-22,20.3251
2022-06-21,21.7763
2022-06-20,23.3298
2022-06-17,24.4454
2022-06-16,22.6582
2022-06-15,21.0136
2022-06-14,20.4357
2022-06-13,20.3243
2022-06-10,20.3825
2022-06-09,22.0473
2022-06-08,22.3618
2022-06-07,22.7112
2022-06-06,23.6482
2022-06-03,24.0816
2022-06-02,23.1283
2022-06-01,22.8148
2022-05-31,22.3817
2022-05-30,21.8833
2022-05-27,19.6974
2022-05-26,18.3511
2022-05-25,18.0672
2022-05-24,20.0559
2022-05-23,21.4287
2022-05-20,23.1480
2022-05-19,24.6624
2022-05-18,24.0938
2022-05-17,25.3071
2022-05-16,25.1417
2022-05-13,24.4440
2022-05-12,23.7687
2022-05-11,23.3089
2022-05-10,23.7672
2022-05-09,24.0965
2022-05-06,22.4589
2022-05-05,21.2954
2022-05-04,21.4943
2022-05-02,21.8624
2022-04-29,22.9203
2022-04-28,24.5314
2022-04-27,24.5327
2022-04-26,24.5343
2022-04-25,24.6028
2022-04-22,23.9625
2022-04-21,24.0322
2022-04-20,24.2258
2022-04-19,23.5172
2022-04-18,22.7299
2022-04-13,23.4746
2022-04-12,25.2331
2022-04-11,26.3486
2022-04-08,26.9995
2022-04-07,27.5956
2022-04-06,27.5568
2022-04-05,26.0327
2022-04-04,21.6612
2022-04-01,16.8040
2022-03-31,16.0518
2022-03-30,16.4960
2022-03-29,17.0600
2022-03-28,18.9119
2022-03-25,19.6469
2022-03-24,21.3689
2022-03-23,23.2968
2022-03-22,23.5898
2022-03-21,24.8774
2022-03-17,25.3391
2022-03-16,26.0157
2022-03-15,28.4036
2022-03-14,31.3060
2022-03-11,34.5332
2022-03-10,36.5714
2022-03-09,39.0964
2022-03-08,38.7654
2022-03-07,35.0981
2022-03-04,31.1049
2022-03-03,27.3282
2022-03-02,23.6831
2022-02-28,19.6330
2022-02-25,16.6773
2022-02-24,14.0016
2022-02-23,11.0286
2022-02-22,12.0697
2022-02-21,13.2799
2022-02-18,14.4595
2022-02-17,15.4249
2022-02-16,16.9959
2022-02-15,18.4062
2022-02-14,20.3858
2022-02-11,20.7834
2022-02-10,22.4604
2022-02-09,24.2906
2022-02-08,25.0171
2022-02-07,23.8910
2022-02-04,23.4271
2022-02-03,24.8054
2022-02-02,26.3368
2022-02-01,28.4083
2022-01-31,30.7705
2022-01-28,30.3165
2022-01-27,29.1236
2022-01-25,27.4289
2022-01-24,26.0048
2022-01-21,25.8943
2022-01-20,27.2390
2022-01-19,30.0584
2022-01-18,32.0993
2022-01-17,33.1067
2022-01-14,34.2261
2022-01-13,36.0787
2022-01-12,38.0423
2022-01-11,36.3306
2022-01-10,34.7771
2022-01-07,33.0510
2022-01-06,31.3472
2022-01-05,30.0214
2022-01-04,28.5484
2022-01-03,28.9158
2021-12-31,29.9365
2021-12-30,32.2267
2021-12-29,32.4191
2021-12-28,31.9704
2021-12-27,31.8689
2021-12-24,29.9264
2021-12-23,28.0978
2021-12-22,26.5265
2021-12-21,24.5839
2021-12-20,21.8386
2021-12-17,18.7882
2021-12-16,18.0219
2021-12-15,19.2223
2021-12-14,20.7718
2021-12-13,21.9747
2021-12-10,24.1925
2021-12-09,25.8941
2021-12-08,28.6829
2021-12-07,30.5937
2021-12-06,33.3166
2021-12-03,35.0716
2021-12-02,37.8065
2021-12-01,40.1720
2021-11-30,40.4493
2021-11-29,40.7575
2021-11-26,38.4896
2021-11-25,36.8523
2021-11-24,36.0313
2021-11-23,35.5606
2021-11-22,33.8346
2021-11-18,32.0167
2021-11-17,31.3301
2021-11-16,30.7245
2021-11-15,30.7407
2021-11-12,31.4923
2021-11-11,30.9620
2021-11-10,29.9386
2021-11-09,29.5218
2021-11-08,29.9908
2021-11-03,30.6217
2021-11-02,31.5806
2021-11-01,34.0015
2021-10-29,35.8925
2021-10-28,37.2757
2021-10-27,40.2029
2021-10-26,42.1355
2021-10-25,43.2983
2021-10-22,44.5902
2021-10-21,41.8799
2021-10-20,39.6198
2021-10-19,36.5958
2021-10-18,33.4518
2021-10-14,29.9585
2021-10-13,27.0737
2021-10-12,25.7878
2021-10-11,24.7849
2021-10-08,23.6706
2021-10-07,23.8690
2021-10-06,23.3079
2021-10-05,22.7823
2021-10-04,24.1359
2021-10-01,25.0407
2021-09-30,27.0861
2021-09-29,27.6566
2021-09-28,28.1242
2021-09-27,28.6438
2021-09-24,26.4262
2021-09-23,25.2281
2021-09-22,26.2947
2021-09-21,28.8456
2021-09-20,31.6799
2021-09-17,31.9479
2021-09-16,31.9881
2021-09-15,34.5172
2021-09-14,38.2034
2021-09-13,41.2121
2021-09-09,43.4017
2021-09-08,44.5770
2021-09-07,45.0278
2021-09-06,45.5287
2021-09-03,44.9114
2021-09-02,43.2631
2021-09-01,41.6751
2021-08-31,39.4597
2021-08-30,37.5363
2021-08-27,35.9483
2021-08-26,34.7001
2021-08-25,33.3133
2021-08-24,32.0466
2021-08-23,30.6492
2021-08-20,30.4454
2021-08-18,30.9849
2021-08-17,29.3445
2021-08-16,29.7749
2021-08-13,28.0639
2021-08-12,26.3817
2021-08-11,26.1918
2021-08-10,25.7544
2021-08-09,25.2684
2021-08-06,25.5697
2021-08-05,26.3927
2021-08-04,27.3071
2021-08-03,29.9657
2021-08-02,28.8973
2021-07-30,27.8858
2021-07-29,25.9696
2021-07-28,24.0601
2021-07-27,21.9386
2021-07-26,21.2490
2021-07-23,19.7980
2021-07-22,18.4798
2021-07-20,17.5250
2021-07-19,15.0429
2021-07-16,13.8265
2021-07-15,13.4334
2021-07-14,13.3167
2021-07-13,14.3525
2021-07-12,15.2832
2021-07-09,16.2626
2021-07-08,17.4409
2021-07-07,16.9380
2021-07-06,14.3130
2021-07-05,11.6974
2021-07-02,11.9007
2021-07-01,12.3785
2021-06-30,13.7285
2021-06-29,13.6304
2021-06-28,13.5214
2021-06-25,12.4944
2021-06-24,11.1347
2021-06-23,10.4402
2021-06-22,11.2351
2021-06-21,11.9611
2021-06-18,11.9948
2021-06-17,12.4406
2021-06-16,11.7590
2021-06-15,12.8008
2021-06-14,13.9584
2021-06-11,14.1364
2021-06-10,15.2962
2021-06-09,16.8424
2021-06-08,18.5603
2021-06-07,19.8533
2021-06-04,19.8968
2021-06-03,19.6187
2021-06-02,19.3097
2021-06-01,19.7941
2021-05-31,19.0331
2021-05-28,18.5565
2021-05-27,18.3538
2021-05-26,19.4788
2021-05-25,20.1790
2021-05-24,20.8966
2021-05-21,19.7315
2021-05-20,19.2663
2021-05-19,20.5437
2021-05-18,20.1366
2021-05-17,19.5269
2021-05-14,21.0008
2021-05-12,20.5200
2021-05-11,20.3657
2021-05-10,20.6709
2021-05-07,22.0359
2021-05-06,23.1912
2021-05-05,23.3686
2021-05-04,23.4571
2021-05-03,23.6589
2021-04-30,23.8063
2021-04-29,25.2315
2021-04-28,26.2280
2021-04-27,28.6981
2021-04-26,29.6502
2021-04-23,29.6354
2021-04-22,29.6189
2021-04-20,28.9890
2021-04-19,28.7971
2021-04-16,27.6913
2021-04-15,28.4966
2021-04-13,28.8181
2021-04-12,26.6407
2021-04-09,23.6200
2021-04-08,22.5199
2021-04-07,22.0813
2021-04-06,21.2173
2021-04-05,20.8202
2021-04-01,20.3790
2021-03-31,21.9581
2021-03-30,23.9086
2021-03-26,25.5390
2021-03-25,24.2580
2021-03-24,22.3970
2021-03-23,21.4163
2021-03-22,20.3267
2021-03-19,18.1251
2021-03-18,16.3135
2021-03-17,14.6156
2021-03-16,13.1341
2021-03-15,12.4344
2021-03-12,11.9679
2021-03-10,12.4972
2021-03-09,13.7220
2021-03-08,14.8118
2021-03-05,15.4765
2021-03-04,15.6446
2021-03-03,16.6823
2021-03-02,18.0103
2021-03-01,19.8838
2021-02-26,21.5882
2021-02-25,23.4820
2021-02-24,22.7479
2021-02-23,21.9323
2021-02-22,23.8044
2021-02-19,26.0958
2021-02-18,28.7955
2021-02-17,31.3791
2021-02-16,32.0166
2021-02-15,30.9100
2021-02-12,30.2344
2021-02-11,30.7698
2021-02-10,31.3645
2021-02-09,31.8910
2021-02-08,31.2216
2021-02-05,29.9178
2021-02-04,28.8020
2021-02-03,28.3833
2021-02-02,28.0957
2021-02-01,27.8642
2021-01-29,30.7979
2021-01-28,30.0760
2021-01-27,28.5958
2021-01-25,29.5456
2021-01-22,31.5570
2021-01-21,34.7680
2021-01-20,35.4571
2021-01-19,33.8377
2021-01-18,32.0384
2021-01-15,30.4006
2021-01-14,30.1756
2021-01-13,28.5079
2021-01-12,25.8287
2021-01-11,23.1335
2021-01-08,21.2482
2021-01-07,20.6542
2021-01-06,20.7836
2021-01-05,20.8636
2021-01-04,22.4964
2021-01-01,24.3106
2020-12-31,24.0496
2020-12-30,23.2433
2020-12-29,22.5806
2020-12-28,22.1514
2020-12-24,22.4394
2020-12-23,23.8913
2020-12-22,25.8638
2020-12-21,28.0556
2020-12-18,30.3177
2020-12-17,28.8349
2020-12-16,27.1873
2020-12-15,26.8093
2020-12-14,27.9095
2020-12-11,29.7080
2020-12-10,31.1406
2020-12-09,32.5080
2020-12-08,33.9645
2020-12-07,36.9175
2020-12-04,40.8420
2020-12-03,44.0551
2020-12-02,47.5614
2020-12-01,49.8325
2020-11-27,49.4009
2020-11-26,49.0110
2020-11-25,49.0141
2020-11-24,48.0698
2020-11-23,47.5272
2020-11-20,47.6169
2020-11-19,48.1796
2020-11-18,49.0724
2020-11-17,47.3271
2020-11-13,45.5191
2020-11-12,44.5175
2020-11-11,43.1038
2020-11-10,39.6302
2020-11-09,36.0710
2020-11-06,33.0779
2020-11-05,30.7753
2020-11-04,29.5989
2020-11-03,28.8790
2020-11-02,28.8876
2020-10-30,30.5952
2020-10-29,33.1333
2020-10-28,36.1563
2020-10-27,38.5589
2020-10-26,41.2284
2020-10-23,43.4585
2020-10-22,42.6395
2020-10-21,41.7296
2020-10-20,40.7186
2020-10-19,40.6253
2020-10-16,40.5215
2020-10-15,41.7140
2020-10-14,43.0390
2020-10-13,43.3856
2020-10-12,41.6889
2020-10-09,38.5125
2020-10-08,35.0979
2020-10-07,32.1117
2020-10-06,30.1258
2020-10-05,28.7077
2020-10-01,28.0484
2020-09-30,28.8074
2020-09-29,31.8068
2020-09-28,33.4784
2020-09-25,33.7080
2020-09-24,32.9956
2020-09-23,30.8682
2020-09-22,29.0449
2020-09-21,27.0190
2020-09-18,25.3948
2020-09-17,23.9539
2020-09-16,24.6451
2020-09-15,25.4131
2020-09-14,23.5290
2020-09-11,21.4356
2020-09-10,20.2894
2020-09-09,20.0452
2020-09-08,20.4513
2020-09-07,22.1141
2020-09-04,23.9617
2020-09-03,25.5458
2020-09-02,24.1221
2020-09-01,23.0707
2020-08-31,21.9024
2020-08-28,20.6043
2020-08-27,20.7896
2020-08-26,19.6056
2020-08-25,17.8387
2020-08-24,16.1107
2020-08-21,14.4717
2020-08-20,15.0330
2020-08-19,15.6874
2020-08-18,16.7888
2020-08-17,17.1053
2020-08-14,16.2378
2020-08-13,15.7683
2020-08-12,17.3384
2020-08-11,18.9535
2020-08-10,20.8009
2020-08-07,22.2464
2020-08-06,22.2324
2020-08-05,22.4796
2020-08-04,22.7541
2020-08-03,23.0592
2020-07-31,20.8605
2020-07-30,19.5590
2020-07-29,19.5461
2020-07-28,20.0883
2020-07-27,20.8900
2020-07-24,22.7916
2020-07-23,23.9145
2020-07-22,23.9232
2020-07-21,24.0218
2020-07-20,22.7497
2020-07-17,21.5414
2020-07-16,22.5499
2020-07-15,23.6140
2020-07-14,25.9783
2020-07-13,27.8528
2020-07-10,30.3113
2020-07-09,30.1146
2020-07-08,29.0304
2020-07-07,28.1183
2020-07-06,27.7767
2020-07-03,26.6759
2020-07-02,26.4198
2020-07-01,24.4596
2020-06-30,22.9686
2020-06-29,22.2078
2020-06-26,21.3625
2020-06-25,21.4820
2020-06-24,22.4333
2020-06-23,21.4764
2020-06-22,21.0921
2020-06-19,20.0577
2020-06-18,19.0245
2020-06-17,18.7130
2020-06-16,19.8103
2020-06-15,21.3243
2020-06-12,23.1509
2020-06-11,25.1805
2020-06-10,26.2643
2020-06-09,26.5196
2020-06-08,26.7375
2020-06-05,25.0315
2020-06-04,23.9820
2020-06-03,22.8979
2020-06-02,20.3798
2020-06-01,18.8104
2020-05-29,17.4151
2020-05-28,17.4534
2020-05-27,17.7170
2020-05-26,19.2731
2020-05-22,18.6065
2020-05-21,17.7609
2020-05-20,17.6261
2020-05-19,16.1249
2020-05-18,14.4570
2020-05-15,12.7732
2020-05-14,12.4831
2020-05-13,12.7565
2020-05-12,13.8400
2020-05-11,12.6201
2020-05-08,13.3618
2020-05-07,14.8181
2020-05-06,16.4362
2020-05-05,18.2341
2020-05-04,20.0276
2020-04-30,22.0577
2020-04-29,20.2836
2020-04-28,19.2028
2020-04-27,20.1502
2020-04-24,20.9400
2020-04-23,21.8176
2020-04-22,22.7927
2020-04-21,24.9149
2020-04-20,27.2339
2020-04-17,28.6069
2020-04-16,31.6004
2020-04-15,33.9581
2020-04-13,36.5778
2020-04-09,40.1932
2020-04-08,44.5260
2020-04-07,49.3401
2020-04-03,53.2940
2020-04-01,55.0877
2020-03-31,57.3049
2020-03-30,60.1639
2020-03-27,63.3406
2020-03-26,67.8041
2020-03-25,70.9431
2020-03-24,70.8852
2020-03-23,68.2021
2020-03-20,65.2566
2020-03-19,62.1113
2020-03-18,58.6165
2020-03-17,54.9013
2020-03-16,51.1030
2020-03-13,47.0964
2020-03-12,42.6446
2020-03-11,38.3067
2020-03-09,34.8957
2020-03-06,30.8002
2020-03-05,27.1747
2020-03-04,25.0833
2020-03-03,22.7596
2020-03-02,22.8651
2020-02-28,22.9825
2020-02-27,20.5686
2020-02-26,18.7348
2020-02-25,17.1199
2020-02-24,16.4391
2020-02-20,15.9094
2020-02-19,16.8202
2020-02-18,17.8321
2020-02-17,17.3934
2020-02-14,17.8821
2020-02-13,18.5182
2020-02-12,19.9537
2020-02-11,21.5130
2020-02-10,23.2455
2020-02-07,24.1850
2020-02-06,25.7543
2020-02-05,27.9730
2020-02-04,30.4104
2020-02-03,31.7913
2020-01-31,29.0637
2020-01-30,28.7598
2020-01-29,28.4222
2020-01-28,28.5117
2020-01-27,26.1342
2020-01-24,23.4925
2020-01-23,22.6399
2020-01-22,20.2792
2020-01-21,17.8985
2020-01-20,15.5543
2020-01-17,14.0926
2020-01-16,14.5816
2020-01-15,16.1588
2020-01-14,17.6629
2020-01-13,19.4042
2020-01-10,21.3389
2020-01-09,22.7982
2020-01-08,22.9767
2020-01-07,20.9631
2020-01-06,19.6554
2020-01-03,17.2217
2020-01-02,16.9389
2020-01-01,18.5844
2019-12-31,19.1191
2019-12-30,19.7132
2019-12-27,21.1101
2019-12-26,21.1400
2019-12-24,21.1732
2019-12-23,23.0826
2019-12-20,24.8433
2019-12-19,27.3313
2019-12-18,29.1687
2019-12-17,31.8252
2019-12-16,32.4239
2019-12-13,31.9560
2019-12-12,32.4921
2019-12-11,32.6996
2019-12-10,29.5861
2019-12-09,29.2863
2019-12-06,28.5717
2019-12-05,27.8451
2019-12-04,27.2391
2019-12-03,26.0607
2019-12-02,27.3870
2019-11-29,30.0175
2019-11-28,32.9404
2019-11-27,34.8470
2019-11-26,34.4851
2019-11-25,35.0278
2019-11-22,35.6695
2019-11-21,36.3824
2019-11-20,35.6798
2019-11-19,35.4065
2019-11-18,36.0570
2019-11-15,36.7797
2019-11-14,34.6181
2019-11-13,32.8631
2019-11-11,31.6680
2019-11-08,30.5218
2019-11-07,29.3461
2019-11-06,28.0396
2019-11-05,27.5668
2019-11-04,28.2629
2019-11-01,29.0364
2019-10-31,30.5353
2019-10-30,32.2008
2019-10-29,31.7733
2019-10-25,31.7124
2019-10-24,32.5507
2019-10-23,32.2932
2019-10-22,30.9095
2019-10-18,29.3721
2019-10-17,29.2772
2019-10-16,29.5324
2019-10-15,29.8159
2019-10-14,30.9424
2019-10-11,32.5938
2019-10-10,34.4288
2019-10-09,35.6516
2019-10-07,37.0104
2019-10-04,39.1390
2019-10-03,41.1553
2019-10-01,40.5046
2019-09-30,39.3156
2019-09-27,38.4596
2019-09-26,35.3863
2019-09-25,31.9716
2019-09-24,28.6938
2019-09-23,25.0518
2019-09-20,20.8367
2019-09-19,18.1008
2019-09-18,17.3518
2019-09-17,17.0964
2019-09-16,17.8219
2019-09-13,17.9156
2019-09-12,18.0197
2019-09-11,17.1733
2019-09-09,17.1472
2019-09-06,17.6722
2019-09-05,18.5271
2019-09-04,19.1069
2019-09-03,19.7512
2019-08-30,20.8850
2019-08-29,22.7902
2019-08-28,25.2048
2019-08-27,27.6688
2019-08-26,29.6082
2019-08-23,32.0693
2019-08-22,31.3738
2019-08-21,31.7451
2019-08-20,34.7700
2019-08-19,37.1001
2019-08-16,39.6890
2019-08-14,41.9200
2019-08-13,44.3989
2019-08-09,47.1532
2019-08-08,51.9090
2019-08-07,54.3400
2019-08-06,53.0883
2019-08-05,51.6975
2019-08-02,49.3422
2019-08-01,47.0526
2019-07-31,44.7759
2019-07-30,42.9010
2019-07-29,40.9567
2019-07-26,38.7965
2019-07-25,37.5896
2019-07-24,36.4551
2019-07-23,33.3023
2019-07-22,29.7993
2019-07-19,26.6727
2019-07-18,26.0810
2019-07-17,27.3766
2019-07-16,26.9134
2019-07-15,26.3988
2019-07-12,25.2598
2019-07-11,24.4184
2019-07-10,23.9215
2019-07-09,21.8717
2019-07-08,19.8602
2019-07-05,18.6784
2019-07-04,19.9665
2019-07-03,20.1452
2019-07-02,19.0418
2019-07-01,18.1830
2019-06-28,17.7267
2019-06-27,18.2253
2019-06-26,16.9153
2019-06-25,17.0703
2019-06-24,17.9624
2019-06-21,17.7521
2019-06-20,17.1519
2019-06-19,17.1786
2019-06-18,16.3118
2019-06-17,14.9764
2019-06-14,14.3921
2019-06-13,14.2668
2019-06-12,13.7238
2019-06-11,13.7234
2019-06-10,14.8167
2019-06-07,16.0315
2019-06-06,16.4311
2019-06-04,17.1133
2019-06-03,18.6039
2019-05-31,20.5859
2019-05-30,22.7881
2019-05-29,21.9938
2019-05-28,21.7604
2019-05-27,22.0157
2019-05-24,22.2993
2019-05-23,24.1617
2019-05-22,26.2310
2019-05-21,23.7193
2019-05-20,20.5748
2019-05-17,17.3197
2019-05-16,16.1415
2019-05-15,17.6161
2019-05-14,18.6237
2019-05-13,19.7432
2019-05-10,21.3080
2019-05-09,23.6751
2019-05-08,25.5319
2019-05-07,28.1617
2019-05-06,28.6802
2019-05-03,29.5018
2019-05-02,26.9219
2019-04-30,24.6495
2019-04-26,23.7891
2019-04-25,25.7455
2019-04-24,27.6520
2019-04-23,30.2264
2019-04-22,33.0868
2019-04-18,35.1113
2019-04-16,35.0858
2019-04-15,35.4925
2019-04-12,37.0673
2019-04-11,40.5769
2019-04-10,44.7712
2019-04-09,49.7207
2019-04-08,51.9926
2019-04-05,52.8329
2019-04-04,54.5498
2019-04-03,56.4576
2019-04-02,57.1491
2019-04-01,57.9173
2019-03-29,55.9983
2019-03-28,54.1199
2019-03-27,52.0328
2019-03-26,49.7202
2019-03-25,47.3940
2019-03-22,45.4740
2019-03-20,41.7646
2019-03-19,37.7520
2019-03-18,33.7222
2019-03-15,29.2446
2019-03-14,24.9113
2019-03-13,20.4140
2019-03-12,15.7997
2019-03-11,13.1053
2019-03-08,12.6428
2019-03-07,13.7016
2019-03-06,15.0051
2019-03-05,14.5423
2019-03-01,13.6318
2019-02-28,13.4521
2019-02-27,11.9135
2019-02-26,11.4285
2019-02-25,12.6466
2019-02-22,14.0001
2019-02-21,15.1891
2019-02-20,15.8085
2019-02-19,15.3810
2019-02-18,14.7457
2019-02-15,14.6627
2019-02-14,13.5450
2019-02-13,14.7011
2019-02-12,13.6957
2019-02-11,13.1481
2019-02-08,13.3580
2019-02-07,13.5913
2019-02-06,15.0956
2019-02-05,16.2632
2019-02-04,17.9945
2019-02-01,19.3530
2019-01-31,20.8624
2019-01-30,19.8866
2019-01-29,17.1062
2019-01-28,15.5025
2019-01-25,15.6048
2019-01-24,17.0392
2019-01-23,18.4523
2019-01-22,19.4023
2019-01-21,16.4712
2019-01-18,13.7753
2019-01-17,13.1472
2019-01-16,13.0490
2019-01-15,14.4119
2019-01-14,15.9261
2019-01-11,16.1105
2019-01-10,17.6050
2019-01-09,19.1461
2019-01-08,20.8393
2019-01-07,22.7206
2019-01-04,23.8065
2019-01-03,25.7028
2019-01-02,27.8289
2019-01-01,28.6163
2018-12-31,29.4911
2018-12-28,29.3616
2018-12-27,29.5133
2018-12-26,29.6819
2018-12-24,30.5024
2018-12-21,32.4664
2018-12-20,31.9685
2018-12-19,31.9716
2018-12-18,30.7803
2018-12-17,30.2782
2018-12-14,30.0396
2018-12-13,30.5573
2018-12-12,30.8781
2018-12-11,33.0669
2018-12-10,36.6778
2018-12-07,37.5553
2018-12-06,37.1914
2018-12-05,37.6832
2018-12-04,38.2296
2018-12-03,38.2575
2018-11-30,35.4955
2018-11-29,31.9751
2018-11-28,28.0635
2018-11-27,24.7302
2018-11-26,22.2266
2018-11-22,19.9339
2018-11-21,18.2817
2018-11-20,17.0515
2018-11-19,15.9167
2018-11-16,14.3210
2018-11-15,13.0284
2018-11-14,13.5185
2018-11-13,14.9047
2018-11-12,14.8169
2018-11-09,15.3044
2018-11-06,16.7511
2018-11-05,17.8389
2018-11-02,19.4391
2018-11-01,21.2170
2018-10-31,21.0182
2018-10-30,19.6833
2018-10-29,18.8639
2018-10-26,17.9535
2018-10-25,19.7690
2018-10-24,21.1670
2018-10-23,21.8904
2018-10-22,23.1368
2018-10-19,23.5570
2018-10-17,25.9608
2018-10-16,28.6696
2018-10-15,29.9968
2018-10-12,31.9159
2018-10-11,34.8064
2018-10-10,35.8075
2018-10-09,37.8362
2018-10-08,38.5838
2018-10-05,39.4143
2018-10-04,40.8798
2018-10-03,42.5080
2018-10-01,46.2731
2018-09-28,51.0690
2018-09-27,54.8038
2018-09-26,56.1523
2018-09-25,56.3866
2018-09-24,54.0389
2018-09-21,51.4498
2018-09-19,48.5730
2018-09-18,46.2547
2018-09-17,44.3871
2018-09-14,42.5798
2018-09-12,41.8663
2018-09-11,39.0907
2018-09-10,36.1078
2018-09-07,34.2066
2018-09-06,33.1019
2018-09-05,31.3029
2018-09-04,29.4483
2018-09-03,28.1757
2018-08-31,27.9224
2018-08-30,27.5066
2018-08-29,27.4133
2018-08-28,28.2862
2018-08-27,29.8004
2018-08-24,31.4829
2018-08-23,30.8406
2018-08-21,30.8471
2018-08-20,31.9289
2018-08-17,32.5583
2018-08-16,31.4650
2018-08-14,29.6646
2018-08-13,28.7345
2018-08-10,27.3355
2018-08-09,27.2289
2018-08-08,27.1105
2018-08-07,29.5292
2018-08-06,30.8663
2018-08-03,32.2503
2018-08-02,34.3780
2018-08-01,37.2343
2018-07-31,39.6728
2018-07-30,42.2786
2018-07-27,44.0343
2018-07-26,43.2595
2018-07-25,43.0784
2018-07-24,44.0811
2018-07-23,45.6533
2018-07-20,47.4002
2018-07-19,45.1622
2018-07-18,42.8275
2018-07-17,39.8126
2018-07-16,37.7101
2018-07-13,35.3740
2018-07-12,32.7894
2018-07-11,30.2814
2018-07-10,28.5043
2018-07-09,26.7655
2018-07-06,25.8655
2018-07-05,24.8656
2018-07-04,24.0348
2018-07-03,24.1824
2018-07-02,26.0079
2018-06-29,28.0362
2018-06-28,26.2984
2018-06-27,23.4306
2018-06-26,21.2355
2018-06-25,19.5687
2018-06-22,18.1018
2018-06-21,17.0165
2018-06-20,16.8807
2018-06-19,17.6120
2018-06-18,19.1767
2018-06-15,20.7077
2018-06-14,22.7511
2018-06-13,24.2971
2018-06-12,26.0149
2018-06-11,27.0365
2018-06-08,28.0965
2018-06-07,29.3824
2018-06-06,29.7413
2018-06-05,30.1402
2018-06-04,32.0981
2018-06-01,33.5239
2018-05-31,30.6733
2018-05-30,27.5060
2018-05-29,28.0172
2018-05-28,27.5361
2018-05-25,27.0016
2018-05-24,28.5719
2018-05-23,30.8008
2018-05-22,33.6278
2018-05-21,35.1726
2018-05-18,36.8891
2018-05-17,36.4365
2018-05-16,34.7941
2018-05-15,32.2569
2018-05-14,29.0345
2018-05-11,27.0332
2018-05-10,25.4122
2018-05-09,24.7680
2018-05-08,25.3825
2018-05-07,26.3317
2018-05-04,24.7423
2018-05-03,22.9762
2018-05-02,22.0055
2018-04-30,20.9268
2018-04-27,21.5329
2018-04-26,23.5541
2018-04-25,25.9128
2018-04-24,28.6524
2018-04-23,30.6935
2018-04-20,32.9615
2018-04-19,30.6663
2018-04-18,29.5120
2018-04-17,28.2295
2018-04-16,26.4982
2018-04-13,24.9253
2018-04-12,23.7854
2018-04-11,23.0834
2018-04-10,22.8324
2018-04-09,21.4848
2018-04-06,20.4928
2018-04-05,20.3299
2018-04-04,20.9750
2018-04-03,21.6918
2018-04-02,19.2666
2018-03-28,16.5719
2018-03-27,15.3247
2018-03-26,13.9993
2018-03-23,12.5267
2018-03-22,12.8290
2018-03-21,13.4644
2018-03-20,13.9327
2018-03-19,13.3811
2018-03-16,13.7102
2018-03-15,14.5073
2018-03-14,15.4228
2018-03-13,16.9881
2018-03-12,18.4320
2018-03-09,19.3125
2018-03-08,19.6854
2018-03-07,19.7106
2018-03-06,18.9153
2018-03-05,18.8479
2018-03-01,19.9721
2018-02-28,22.1656
2018-02-27,24.1056
2018-02-26,24.9457
2018-02-23,26.0348
2018-02-22,27.8781
2018-02-21,27.5054
2018-02-20,27.8066
2018-02-19,28.5054
2018-02-16,29.1866
2018-02-15,31.0144
2018-02-14,33.0452
2018-02-12,35.3751
2018-02-09,36.9511
2018-02-08,37.2867
2018-02-07,38.5466
2018-02-06,39.9464
2018-02-05,39.7628
2018-02-02,42.2555
2018-02-01,46.1997
2018-01-31,44.6892
2018-01-30,42.3430
2018-01-29,39.9782
2018-01-25,37.3507
2018-01-24,35.5042
2018-01-23,33.8797
2018-01-22,32.3249
2018-01-19,28.9131
2018-01-18,26.1692
2018-01-17,23.4088
2018-01-16,24.4242
2018-01-15,24.9237
2018-01-12,26.5734
2018-01-11,26.7176
2018-01-10,26.0934
2018-01-09,23.9940
2018-01-08,21.6613
2018-01-05,19.1891
2018-01-04,16.0338
2018-01-03,14.4405
2018-01-02,12.6701
2018-01-01,11.3504
2017-12-29,9.8840
2017-12-28,10.2973
2017-12-27,10.5429
2017-12-26,10.7503
2017-12-22,11.6053
2017-12-21,12.5741
2017-12-20,13.4577
2017-12-19,14.4395
2017-12-18,15.6201
2017-12-15,16.9319
2017-12-14,15.6356
2017-12-13,16.4545
2017-12-12,17.5700
2017-12-11,19.2512
2017-12-08,20.5370
2017-12-07,22.3352
2017-12-06,20.4359
2017-12-05,18.3255
2017-12-04,16.8239
2017-12-01,17.7978
2017-11-30,19.6551
2017-11-29,21.6633
2017-11-28,21.5528
2017-11-27,21.5561
2017-11-24,22.8989
2017-11-23,24.5960
2017-11-22,26.1596
2017-11-21,27.6293
2017-11-20,30.4213
2017-11-17,33.0098
2017-11-16,35.5320
2017-11-15,36.3734
2017-11-14,34.8747
2017-11-13,33.6863
2017-11-10,32.3659
2017-11-09,31.8592
2017-11-08,31.8627
2017-11-07,31.6443
2017-11-06,32.2495
2017-11-03,33.3137
2017-11-02,34.4961
2017-11-01,34.7468
2017-10-31,34.8483
2017-10-30,33.9735
2017-10-27,33.0015
2017-10-26,31.9215
2017-10-25,30.2267
2017-10-24,32.2203
2017-10-23,30.3313
2017-10-18,28.8216
2017-10-17,25.3058
2017-10-16,22.3963
2017-10-13,19.1635
2017-10-12,16.4365
2017-10-11,16.7422
2017-10-10,17.7766
2017-10-09,17.8827
2017-10-06,19.3446
2017-10-05,20.5454
2017-10-04,21.8797
2017-10-03,23.3623
2017-09-29,24.3012
2017-09-28,25.3750
2017-09-27,27.7193
2017-09-26,30.7977
2017-09-25,32.1515
2017-09-22,34.4147
2017-09-21,36.2759
2017-09-20,36.6840
2017-09-19,34.6879
2017-09-18,31.8813
2017-09-15,28.9656
2017-09-14,26.4156
2017-09-13,23.6269
2017-09-12,20.5896
2017-09-11,17.6685
2017-09-08,14.9590
2017-09-07,14.9280
2017-09-06,16.5015
2017-09-05,16.5652
2017-09-04,18.1955
2017-09-01,20.0070
2017-08-31,21.0557
2017-08-30,22.2209
2017-08-29,23.6555
2017-08-28,25.4377
2017-08-24,26.5592
2017-08-23,27.4187
2017-08-22,28.3736
2017-08-21,30.9752
2017-08-18,34.3618
2017-08-17,37.8332
2017-08-16,40.1957
2017-08-14,42.8206
2017-08-11,47.1047
2017-08-10,50.8401
2017-08-09,55.3866
2017-08-08,59.6830
2017-08-07,63.5679
2017-08-04,64.7590
2017-08-03,66.1121
2017-08-02,65.9788
2017-08-01,63.5097
2017-07-31,60.7662
2017-07-28,57.9824
2017-07-27,54.9933
2017-07-26,51.6720
2017-07-25,48.9524
2017-07-24,45.9305
2017-07-21,43.1258
2017-07-20,41.3786
2017-07-19,39.5118
2017-07-18,39.0502
2017-07-17,39.3112
2017-07-14,39.6743
2017-07-13,40.5939
2017-07-12,41.1516
2017-07-11,41.9716
2017-07-10,41.4634
2017-07-07,41.7652
2017-07-06,43.3796
2017-07-05,45.7250
2017-07-04,48.3778
2017-07-03,50.6302
2017-06-30,53.1839
2017-06-29,56.6373
2017-06-28,58.9859
2017-06-27,63.1996
2017-06-23,67.8814
2017-06-22,70.4338
2017-06-21,69.8511
2017-06-20,69.6962
2017-06-19,69.9005
2017-06-16,70.1275
2017-06-15,71.1377
2017-06-14,72.6088
2017-06-13,71.2968
2017-06-12,69.8390
2017-06-09,68.6281
2017-06-08,67.4283
2017-06-07,66.5034
2017-06-06,65.9967
2017-06-05,65.5251
2017-06-02,65.1746
2017-06-01,64.0785
2017-05-31,63.0991
2017-05-30,61.7745
2017-05-29,60.5458
2017-05-26,58.5451
2017-05-25,56.7466
2017-05-24,54.9376
2017-05-23,55.5078
2017-05-22,55.6178
2017-05-19,55.9621
2017-05-18,57.3770
2017-05-17,59.6145
2017-05-16,59.1824
2017-05-15,58.9022
2017-05-12,58.8584
2017-05-11,59.1576
2017-05-10,58.7198
2017-05-09,58.5189
2017-05-08,58.8640
2017-05-05,59.6787
2017-05-04,60.5839
2017-05-03,61.6047
2017-05-02,60.6868
2017-04-28,59.7808
2017-04-27,57.4705
2017-04-26,54.5330
2017-04-25,51.6513
2017-04-24,48.5767
2017-04-21,45.3086
2017-04-20,42.8007
2017-04-19,42.1443
2017-04-18,42.5665
2017-04-17,43.0530
2017-04-13,44.7944
2017-04-12,44.3084
2017-04-11,43.7684
2017-04-10,43.9567
2017-04-07,44.1964
2017-04-06,44.4627
2017-04-05,45.3740
2017-04-03,45.7196
2017-03-31,46.1035
2017-03-30,45.1578
2017-03-29,44.1069
2017-03-28,46.4131
2017-03-27,50.3091
2017-03-24,54.6601
2017-03-23,56.1297
2017-03-22,57.2657
2017-03-21,57.9918
2017-03-20,56.3184
2017-03-17,54.7266
2017-03-16,53.5220
2017-03-15,52.5383
2017-03-14,51.6275
2017-03-10,50.6154
2017-03-09,50.8327
2017-03-08,51.6860
2017-03-07,52.6341
2017-03-06,54.5320
2017-03-03,56.6408
2017-03-02,59.0790
2017-03-01,60.6407
2017-02-28,60.7400
2017-02-27,60.8841
2017-02-23,61.0442
2017-02-22,59.9782
2017-02-21,57.5909
2017-02-20,54.6620
2017-02-17,51.4451
2017-02-16,47.7219
2017-02-15,46.9323
2017-02-14,46.7972
2017-02-13,47.8518
2017-02-10,49.0235
2017-02-09,50.9993
2017-02-08,53.1946
2017-02-07,54.7206
2017-02-06,55.3156
2017-02-03,53.8461
2017-02-02,52.3797
2017-02-01,51.2787
2017-01-31,50.0553
2017-01-30,49.7413
2017-01-27,48.9249
2017-01-25,46.2111
2017-01-24,43.5147
2017-01-23,41.5650
2017-01-20,41.1821
2017-01-19,41.3731
2017-01-18,41.0535
2017-01-17,38.3369
2017-01-16,35.5145
2017-01-13,32.5452
2017-01-12,29.9881
2017-01-11,27.1470
2017-01-10,24.3835
2017-01-09,23.7882
2017-01-06,25.1548
2017-01-05,27.9042
2017-01-04,30.9590
2017-01-03,32.8660
2017-01-02,35.2705
2016-12-30,39.1610
2016-12-29,41.6969
2016-12-28,45.1970
2016-12-27,48.8998
2016-12-26,50.2661
2016-12-23,51.7842
2016-12-22,53.4710
2016-12-21,53.2942
2016-12-20,53.6648
2016-12-19,54.0766
2016-12-16,52.9651
2016-12-15,51.7669
2016-12-14,50.4356
2016-12-13,49.4891
2016-12-12,48.9038
2016-12-09,48.3022
2016-12-08,48.1696
2016-12-07,48.0891
2016-12-06,47.9997
2016-12-05,49.5196
2016-12-02,50.3343
2016-12-01,51.2395
2016-11-30,53.3024
2016-11-29,54.2222
2016-11-28,53.8303
2016-11-25,53.5608
2016-11-24,52.4052
2016-11-23,50.0029
2016-11-22,47.8494
2016-11-21,45.7269
2016-11-18,43.3686
2016-11-17,41.4010
2016-11-16,39.9298
2016-11-15,39.1126
2016-11-11,38.8671
2016-11-10,39.8072
2016-11-09,40.8518
2016-11-08,38.1857
2016-11-07,38.4204
2016-11-04,37.8355
2016-11-03,36.3947
2016-11-02,34.7939
2016-11-01,33.8886
2016-10-28,33.6241
2016-10-27,32.8593
2016-10-26,30.5898
2016-10-25,28.8510
2016-10-24,27.7789
2016-10-21,28.8515
2016-10-20,29.2230
2016-10-19,28.3640
2016-10-18,27.1724
2016-10-17,24.4285
2016-10-14,21.3797
2016-10-13,18.5006
2016-10-10,16.8380
2016-10-07,18.2430
2016-10-06,19.6672
2016-10-05,21.7574
2016-10-04,24.0798
2016-10-03,25.7047
2016-09-30,28.1814
2016-09-29,29.4486
2016-09-28,31.5921
2016-09-27,33.1748
2016-09-26,33.7226
2016-09-23,34.3313
2016-09-22,32.6416
2016-09-21,31.0015
2016-09-20,31.0994
2016-09-19,31.2081
2016-09-16,30.4257
2016-09-15,29.5564
2016-09-14,31.0138
2016-09-12,33.5242
2016-09-09,34.7454
2016-09-08,34.5335
2016-09-07,33.1082
2016-09-06,31.5245
2016-09-02,29.3086
2016-09-01,28.3476
2016-08-31,27.2797
2016-08-30,26.0933
2016-08-29,25.7086
2016-08-26,27.7611
2016-08-25,27.1134
2016-08-24,25.8796
2016-08-23,24.9652
2016-08-22,25.5509
2016-08-19,26.4940
2016-08-18,27.9428
2016-08-17,29.5526
2016-08-16,30.6992
2016-08-12,31.9166
2016-08-11,34.0237
2016-08-10,37.0568
2016-08-09,40.4269
2016-08-08,42.5968
2016-08-05,42.8740
2016-08-04,43.1820
2016-08-03,44.8765
2016-08-02,46.7594
2016-08-01,46.2090
2016-07-29,45.5975
2016-07-28,45.8506
2016-07-27,46.1317
2016-07-26,46.6778
2016-07-25,45.7361
2016-07-22,44.6898
2016-07-21,44.6582
2016-07-20,44.1013
2016-07-19,42.8143
2016-07-18,41.7358
2016-07-15,38.6343
2016-07-14,35.7780
2016-07-13,34.4353
2016-07-12,32.8449
2016-07-11,30.6458
2016-07-08,28.4954
2016-07-07,27.4403
2016-07-05,26.2680
2016-07-04,27.0066
2016-07-01,26.0990
2016-06-30,24.6026
2016-06-29,23.5555
2016-06-28,23.6517
2016-06-27,24.5762
2016-06-24,26.0684
2016-06-23,27.7264
2016-06-22,25.9887
2016-06-21,26.2620
2016-06-20,26.9204
2016-06-17,27.6521
2016-06-16,27.8184
2016-06-15,29.2275
2016-06-14,30.7932
2016-06-13,33.7368
2016-06-10,36.7708
2016-06-09,39.1346
2016-06-08,43.3949
2016-06-07,46.5177
2016-06-06,48.2944
2016-06-03,49.7708
2016-06-02,51.4113
2016-06-01,53.8679
2016-05-31,54.0621
2016-05-30,52.8199
2016-05-27,51.2870
2016-05-26,49.8384
2016-05-25,48.4629
2016-05-24,47.4460
2016-05-23,49.2484
2016-05-20,51.2510
2016-05-19,52.9847
2016-05-18,55.6577
2016-05-17,58.6276
2016-05-16,57.3602
2016-05-13,56.6857
2016-05-12,57.4952
2016-05-11,57.4982
2016-05-10,58.0732
2016-05-09,56.8718
2016-05-06,55.6815
2016-05-05,55.2491
2016-05-04,53.0895
2016-05-03,50.7483
2016-05-02,48.0562
2016-04-29,45.4552
2016-04-28,42.5651
2016-04-27,39.3540
2016-04-26,36.3638
2016-04-25,33.6982
2016-04-22,32.1012
2016-04-21,30.3115
2016-04-20,27.6484
2016-04-18,25.1312
2016-04-13,23.0635
2016-04-12,21.6219
2016-04-11,21.9324
2016-04-08,22.2774
2016-04-07,24.5220
2016-04-06,27.0160
2016-04-05,27.7432
2016-04-04,28.5512
2016-04-01,27.2869
2016-03-31,25.8822
2016-03-30,23.1100
2016-03-29,20.8039
2016-03-28,19.3662
2016-03-23,18.5476
2016-03-22,17.6380
2016-03-21,16.5007
2016-03-18,16.4490
2016-03-17,17.9937
2016-03-16,19.7100
2016-03-15,20.8752
2016-03-14,22.7240
2016-03-11,24.1599
2016-03-10,26.6300
2016-03-09,28.9983
2016-03-08,31.6297
2016-03-04,33.5732
2016-03-03,35.7327
2016-03-02,39.3362
2016-03-01,42.3257
2016-02-29,42.3371
2016-02-26,41.7068
2016-02-25,42.1022
2016-02-24,40.2377
2016-02-23,38.3490
2016-02-22,37.3994
2016-02-19,37.8580
2016-02-18,37.9037
2016-02-17,38.1978
2016-02-16,36.6109
2016-02-15,35.0462
2016-02-12,33.7498
2016-02-11,30.6386
2016-02-10,27.3627
2016-02-09,26.2366
2016-02-08,26.0970
2016-02-05,26.9262
2016-02-04,28.8974
2016-02-03,31.5836
2016-02-02,33.8188
2016-02-01,36.7797
2016-01-29,39.7037
2016-01-28,42.3563
2016-01-27,43.3357
2016-01-25,44.7895
2016-01-22,45.6410
2016-01-21,45.4954
2016-01-20,41.9762
2016-01-19,38.0660
2016-01-18,34.8783
2016-01-15,31.3364
2016-01-14,28.6207
2016-01-13,25.8763
2016-01-12,22.8270
2016-01-11,20.0412
2016-01-08,17.1072
2016-01-07,15.5196
2016-01-06,13.7555
2016-01-05,14.0299
2016-01-04,14.3348
2016-01-01,14.9904
2015-12-31,13.4798
2015-12-30,12.8692
2015-12-29,12.9730
2015-12-28,13.4992
2015-12-24,14.3155
2015-12-23,15.8471
2015-12-22,17.5346
2015-12-21,19.1980
2015-12-18,18.0006
2015-12-17,16.6702
2015-12-16,15.5592
2015-12-15,15.9234
2015-12-14,16.2859
2015-12-11,16.1358
2015-12-10,16.3876
2015-12-09,17.0975
2015-12-08,16.2394
2015-12-07,15.4700
2015-12-04,17.1569
2015-12-03,19.0311
2015-12-02,18.8256
2015-12-01,17.8018
2015-11-30,17.9955
2015-11-27,18.2108
2015-11-26,19.1154
2015-11-24,19.5976
2015-11-23,20.7942
2015-11-20,22.1238
2015-11-19,23.6595
2015-11-18,23.4165
2015-11-17,22.1844
2015-11-16,21.4021
2015-11-13,19.8794
2015-11-10,17.0876
2015-11-09,15.0892
2015-11-06,12.9870
2015-11-05,13.8607
2015-11-04,13.4442
2015-11-03,14.0963
2015-11-02,13.5003
2015-10-30,12.8381
2015-10-29,14.1752
2015-10-28,13.4494
2015-10-27,12.6430
2015-10-26,13.5497
2015-10-23,14.0680
2015-10-21,14.0896
2015-10-20,15.5618
2015-10-19,16.1106
2015-10-16,16.1598
2015-10-15,16.2144
2015-10-14,17.2287
2015-10-13,18.4877
2015-10-12,19.9542
2015-10-09,20.4335
2015-10-08,20.7115
2015-10-07,21.4689
2015-10-06,20.8494
2015-10-05,20.1611
2015-10-01,20.0476
2015-09-30,21.3708
2015-09-29,22.2975
2015-09-28,23.3271
2015-09-24,24.8398
2015-09-23,27.3465
2015-09-22,30.1318
2015-09-21,32.9068
2015-09-18,33.7765
2015-09-16,34.7428
2015-09-15,37.1020
2015-09-14,38.0057
2015-09-11,39.0097
2015-09-10,39.8172
2015-09-09,40.3630
2015-09-08,41.7390
2015-09-07,40.3327
2015-09-04,38.9227
2015-09-03,36.9603
2015-09-02,35.9154
2015-09-01,33.5949
2015-08-31,31.4442
2015-08-28,30.6259
2015-08-27,30.0676
2015-08-26,27.7536
2015-08-25,24.0926
2015-08-24,20.0248
2015-08-21,15.6852
2015-08-20,13.6573
2015-08-19,13.9484
2015-08-18,15.2125
2015-08-17,16.5923
2015-08-14,18.1253
2015-08-13,19.1093
2015-08-12,18.3404
2015-08-11,17.5413
2015-08-10,19.4006
2015-08-07,20.9001
2015-08-06,21.7946
2015-08-05,22.7885
2015-08-04,22.8355
2015-08-03,22.8877
2015-07-31,24.3972
2015-07-30,26.2218
2015-07-29,28.7893
2015-07-28,31.3439
2015-07-27,34.6621
2015-07-24,37.2226
2015-07-23,38.8788
2015-07-22,40.7191
2015-07-21,42.7638
2015-07-20,44.0438
2015-07-17,42.3835
2015-07-16,40.5388
2015-07-15,38.5542
2015-07-14,37.6953
2015-07-13,36.7411
2015-07-10,35.6075
2015-07-09,35.1209
2015-07-08,36.4423
2015-07-07,36.4717
2015-07-06,34.6704
2015-07-03,33.0127
2015-07-02,32.0916
2015-07-01,31.8151
2015-06-30,31.5078
2015-06-29,31.6166
2015-06-26,32.7459
2015-06-25,29.5284
2015-06-24,25.9563
2015-06-23,23.0075
2015-06-22,19.6821
2015-06-19,16.3231
2015-06-18,14.6520
2015-06-17,14.3757
2015-06-16,15.8585
2015-06-15,16.8435
2015-06-12,18.3986
2015-06-11,19.4633
2015-06-10,21.4566
2015-06-09,23.3970
2015-06-08,23.7460
2015-06-05,24.1337
2015-06-04,25.5024
2015-06-03,26.9868
2015-06-02,29.1772
2015-06-01,32.3941
2015-05-29,30.0369
2015-05-28,27.5505
2015-05-27,25.8230
2015-05-26,24.3539
2015-05-25,24.1552
2015-05-22,23.9344
2015-05-21,23.8874
2015-05-20,23.8352
2015-05-19,24.1915
2015-05-18,25.5652
2015-05-15,27.9659
2015-05-14,29.3695
2015-05-13,30.5145
2015-05-12,31.5914
2015-05-11,31.7291
2015-05-08,32.4734
2015-05-07,32.4233
2015-05-06,29.7705
2015-05-05,28.2305
2015-05-04,28.4846
2015-04-30,29.7694
2015-04-29,27.5940
2015-04-28,26.1998
2015-04-27,24.9748
2015-04-24,24.2776
2015-04-23,24.0840
2015-04-22,24.6679
2015-04-21,23.9236
2015-04-20,21.7328
2015-04-17,19.9737
2015-04-16,19.7067
2015-04-15,20.1152
2015-04-13,21.3937
2015-04-10,22.7106
2015-04-09,24.0084
2015-04-08,25.4504
2015-04-07,26.2691
2015-04-06,26.7390
2015-04-01,26.6002
2015-03-31,26.4460
2015-03-30,26.5321
2015-03-27,26.5191
2015-03-26,23.2488
2015-03-25,19.6152
2015-03-24,18.0396
2015-03-23,16.8768
2015-03-20,17.0797
2015-03-19,17.3052
2015-03-18,18.1075
2015-03-17,19.7366
2015-03-16,20.4637
2015-03-13,19.9748
2015-03-12,19.4316
2015-03-11,20.7979
2015-03-10,22.0741
2015-03-09,23.4922
2015-03-05,25.7186
2015-03-04,27.3520
2015-03-03,29.1669
2015-03-02,28.8073
2015-02-27,28.4078
2015-02-26,30.5770
2015-02-25,32.3957
2015-02-24,35.4740
2015-02-23,37.5683
2015-02-20,38.9864
2015-02-19,39.1462
2015-02-18,39.7393
2015-02-16,40.6604
2015-02-13,41.2280
2015-02-12,41.6095
2015-02-11,42.2988
2015-02-10,44.3871
2015-02-09,46.9953
2015-02-06,51.1900
2015-02-05,53.7250
2015-02-04,52.7699
2015-02-03,52.3687
2015-02-02,51.9228
2015-01-30,51.4274
2015-01-29,48.2946
2015-01-28,44.8137
2015-01-27,41.0964
2015-01-23,37.3507
2015-01-22,34.2608
2015-01-21,31.6718
2015-01-20,28.7951
2015-01-19,25.9616
2015-01-16,23.3378
2015-01-15,20.6336
2015-01-14,18.8506
2015-01-13,19.4091
2015-01-12,20.4190
2015-01-09,20.1184
2015-01-08,19.2814
2015-01-07,19.4824
2015-01-06,20.9666
2015-01-05,23.0514
2015-01-02,21.6937
2015-01-01,20.6043
2014-12-31,21.9784
2014-12-30,22.8106
2014-12-29,23.7352
2014-12-26,23.6498
2014-12-24,23.8840
2014-12-23,24.1443
2014-12-22,21.1389
2014-12-19,18.5311
2014-12-18,17.8291
2014-12-17,19.5623
2014-12-16,20.7087
2014-12-15,22.2946
2014-12-12,23.6730
2014-12-11,25.2537
2014-12-10,26.8485
2014-12-09,28.6206
2014-12-08,30.5289
2014-12-05,33.2009
2014-12-04,35.3422
2014-12-03,37.7215
2014-12-02,40.4130
2014-12-01,41.5463
2014-11-28,40.6099
2014-11-27,39.5694
2014-11-26,39.5396
2014-11-25,39.5064
2014-11-24,37.8100
2014-11-21,36.6241
2014-11-20,36.8814
2014-11-19,38.2781
2014-11-18,36.8028
2014-11-17,35.3628
2014-11-14,33.7628
2014-11-13,32.7343
2014-11-12,33.1877
2014-11-11,33.6916
2014-11-10,34.6599
2014-11-07,36.9377
2014-11-05,39.5994
2014-11-03,38.4405
2014-10-31,37.2459
2014-10-30,36.3951
2014-10-29,37.1702
2014-10-28,37.4149
2014-10-27,36.5790
2014-10-22,35.6503
2014-10-21,34.8260
2014-10-20,33.9102
2014-10-17,32.4534
2014-10-16,32.6442
2014-10-14,34.6482
2014-10-13,34.7217
2014-10-10,35.7411
2014-10-09,34.4626
2014-10-08,32.1068
2014-10-07,32.1033
2014-10-01,33.0220
2014-09-30,31.2544
2014-09-29,29.1510
2014-09-26,27.1373
2014-09-25,24.8997
2014-09-24,24.4491
2014-09-23,26.0369
2014-09-22,27.8011
2014-09-19,28.1854
2014-09-18,28.5311
2014-09-17,29.5616
2014-09-16,31.8619
2014-09-15,33.1479
2014-09-12,33.3826
2014-09-11,34.9169
2014-09-10,35.3629
2014-09-09,35.5297
2014-09-08,34.3115
2014-09-05,33.1756
2014-09-04,33.5350
2014-09-03,32.6452
2014-09-02,30.6433
2014-09-01,28.7506
2014-08-28,28.2226
2014-08-27,28.4630
2014-08-26,28.3721
2014-08-25,27.1584
2014-08-22,25.3049
2014-08-21,23.7462
2014-08-20,24.0866
2014-08-19,24.4648
2014-08-18,24.1822
2014-08-14,24.4073
2014-08-13,25.0447
2014-08-12,26.8878
2014-08-11,27.0246
2014-08-08,25.5280
2014-08-07,24.2681
2014-08-06,25.3164
2014-08-05,26.4812
2014-08-04,28.1796
2014-08-01,30.0435
2014-07-31,33.1337
2014-07-30,33.2747
2014-07-28,33.4312
2014-07-25,34.1966
2014-07-24,33.3659
2014-07-23,32.9438
2014-07-22,31.9398
2014-07-21,31.2710
2014-07-18,30.5278
2014-07-17,30.8930
2014-07-16,29.5852
2014-07-15,28.3742
2014-07-14,27.9547
2014-07-11,28.5971
2014-07-10,29.3110
2014-07-09,29.2497
2014-07-08,30.6916
2014-07-07,31.9303
2014-07-04,30.1429
2014-07-03,28.3899
2014-07-02,27.8050
2014-07-01,27.4167
2014-06-30,28.8582
2014-06-27,29.4907
2014-06-26,31.9104
2014-06-25,34.5989
2014-06-24,34.6835
2014-06-23,35.0849
2014-06-20,36.3330
2014-06-19,36.9822
2014-06-18,37.0926
2014-06-17,35.4026
2014-06-16,33.7163
2014-06-13,32.2962
2014-06-12,30.5580
2014-06-11,29.4292
2014-06-10,29.5267
2014-06-09,30.4785
2014-06-06,30.6677
2014-06-05,31.8192
2014-06-04,33.7148
2014-06-03,34.9893
2014-06-02,36.5966
2014-05-30,38.8745
2014-05-29,41.7200
2014-05-28,41.0720
2014-05-27,40.6094
2014-05-26,41.1597
2014-05-23,42.3284
2014-05-22,43.7834
2014-05-21,43.0312
2014-05-20,40.9840
2014-05-19,38.7093
2014-05-16,35.5402
2014-05-15,32.0191
2014-05-14,30.8851
2014-05-13,28.3684
2014-05-12,23.8434
2014-05-09,19.0503
2014-05-08,15.7251
2014-05-07,16.5777
2014-05-06,17.5249
2014-05-05,17.5748
2014-05-02,17.4093
2014-04-30,17.4777
2014-04-29,17.5538
2014-04-28,17.4101
2014-04-25,18.7785
2014-04-23,20.6465
2014-04-22,22.7220
2014-04-21,23.4110
2014-04-17,23.8294
2014-04-16,22.8863
2014-04-15,23.8122
2014-04-11,24.8411
2014-04-10,26.3534
2014-04-09,27.5365
2014-04-07,29.1691
2014-04-04,31.7200
2014-04-03,34.1126
2014-04-02,37.6414
2014-04-01,41.5622
2014-03-31,44.3586
2014-03-28,45.0038
2014-03-27,45.7206
2014-03-26,44.8321
2014-03-25,44.1807
2014-03-24,42.5167
2014-03-21,41.1780
2014-03-20,41.0303
2014-03-19,40.8663
2014-03-18,38.9983
2014-03-14,36.9227
2014-03-13,34.9424
2014-03-12,31.6897
2014-03-11,28.9811
2014-03-10,24.5370
2014-03-07,19.6979
2014-03-06,15.5417
2014-03-05,15.8414
2014-03-04,17.0660
2014-03-03,18.9273
2014-02-28,20.4717
2014-02-26,21.7498
2014-02-25,21.9715
2014-02-24,22.7639
2014-02-21,24.1249
2014-02-20,24.3468
2014-02-19,24.8862
2014-02-18,25.4856
2014-02-17,27.3574
2014-02-14,29.0513
2014-02-13,28.8619
2014-02-12,29.0222
2014-02-11,31.1300
2014-02-10,31.9599
2014-02-07,32.8821
2014-02-06,34.9146
2014-02-05,36.0002
2014-02-04,34.4262
2014-02-03,30.9810
2014-01-31,27.7172
2014-01-30,24.1075
2014-01-29,20.4034
2014-01-28,17.5153
2014-01-27,14.3064
2014-01-24,11.4005
2014-01-23,11.7098
2014-01-22,11.8534
2014-01-21,11.4477
2014-01-20,12.3743
2014-01-17,13.5119
2014-01-16,14.7760
2014-01-15,13.0608
2014-01-14,11.6499
2014-01-13,11.6299
2014-01-10,11.6076
2014-01-09,11.8493
2014-01-08,11.8293
2014-01-07,12.7884
2014-01-06,13.8540
2014-01-03,13.3741
2014-01-02,12.8408
2014-01-01,12.7860
2013-12-31,13.8203
2013-12-30,14.9695
2013-12-27,15.0925
2013-12-26,15.7719
2013-12-24,17.0706
2013-12-23,18.1834
2013-12-20,19.9939
2013-12-19,21.3609
2013-12-18,22.9859
2013-12-17,24.7520
2013-12-16,25.8386
2013-12-13,26.4834
2013-12-12,26.1828
2013-12-11,24.5016
2013-12-10,22.6336
2013-12-09,19.9912
2013-12-06,16.4057
2013-12-05,14.4315
2013-12-04,12.2379
2013-12-03,12.9397
2013-12-02,13.9195
2013-11-29,14.7717
2013-11-28,15.7186
2013-11-27,17.1775
2013-11-26,18.0123
2013-11-25,19.5252
2013-11-22,21.2062
2013-11-21,20.6908
2013-11-20,20.1182
2013-11-19,20.7730
2013-11-18,23.0419
2013-11-14,25.5629
2013-11-13,25.0236
2013-11-12,23.3182
2013-11-11,22.9632
2013-11-08,22.0230
2013-11-07,22.1615
2013-11-06,24.2311
2013-11-05,25.8389
2013-11-01,25.7492
2013-10-31,24.4830
2013-10-30,23.6914
2013-10-29,22.2818
2013-10-28,20.7156
2013-10-25,20.4061
2013-10-24,20.0742
2013-10-23,19.7055
2013-10-22,20.0319
2013-10-21,18.4957
2013-10-18,16.7887
2013-10-17,14.8921
2013-10-15,14.4877
2013-10-14,13.5641
2013-10-11,12.8698
2013-10-10,12.6684
2013-10-09,13.5034
2013-10-08,14.4678
2013-10-07,15.1630
2013-10-04,16.2684
2013-10-03,17.1782
2013-10-01,18.8457
2013-09-30,18.7784
2013-09-27,18.1316
2013-09-26,18.6319
2013-09-25,20.1208
2013-09-24,21.7752
2013-09-23,23.4217
2013-09-20,24.9934
2013-09-19,26.7396
2013-09-18,24.3983
2013-09-17,23.7925
2013-09-16,23.8152
2013-09-13,23.8404
2013-09-12,24.9219
2013-09-11,25.4717
2013-09-10,26.0825
2013-09-06,27.3092
2013-09-05,30.0286
2013-09-04,33.0502
2013-09-03,33.2367
2013-09-02,33.4440
2013-08-30,35.0983
2013-08-29,36.4783
2013-08-28,36.3370
2013-08-27,35.0903
2013-08-26,34.8679
2013-08-23,37.7024
2013-08-22,39.3438
2013-08-21,40.4393
2013-08-20,43.1452
2013-08-19,41.6084
2013-08-16,40.1220
2013-08-14,39.3619
2013-08-13,40.5193
2013-08-12,41.2146
2013-08-08,40.1070
2013-08-07,39.0241
2013-08-06,37.1802
2013-08-05,35.4623
2013-08-02,34.1565
2013-08-01,33.5138
2013-07-31,32.7996
2013-07-30,29.4752
2013-07-29,26.5093
2013-07-26,23.7426
2013-07-25,21.1948
2013-07-24,19.2781
2013-07-23,17.3758
2013-07-22,17.8655
2013-07-19,17.8628
2013-07-18,17.8597
2013-07-17,17.3917
2013-07-16,16.2758
2013-07-15,17.2853
2013-07-12,18.2941
2013-07-11,19.5167
2013-07-10,21.2252
2013-07-09,21.3769
2013-07-08,22.4529
2013-07-05,22.8109
2013-07-04,23.9615
2013-07-03,25.7685
2013-07-02,27.7762
2013-07-01,30.1273
2013-06-28,31.0817
2013-06-27,32.4472
2013-06-26,35.4587
2013-06-25,35.5192
2013-06-24,36.0602
2013-06-21,33.4552
2013-06-20,31.0989
2013-06-19,28.7525
2013-06-18,28.8781
2013-06-17,29.4023
2013-06-14,30.4336
2013-06-13,31.1727
2013-06-12,29.7724
2013-06-11,28.2165
2013-06-10,26.9307
2013-06-07,26.6642
2013-06-06,26.7842
2013-06-05,27.5710
2013-06-04,28.5497
2013-06-03,29.9757
2013-05-31,32.0741
2013-05-30,34.9195
2013-05-29,34.6714
2013-05-28,35.6293
2013-05-27,35.8544
2013-05-24,36.5460
2013-05-23,39.0689
2013-05-22,41.8720
2013-05-21,44.1710
2013-05-20,45.1903
2013-05-17,44.4206
2013-05-16,43.5653
2013-05-15,41.8494
2013-05-14,40.4412
2013-05-13,40.9027
2013-05-10,40.0788
2013-05-09,39.8572
2013-05-08,40.1718
2013-05-07,40.5270
2013-05-06,42.2412
2013-05-03,45.7443
2013-05-02,46.9308
2013-04-30,47.3997
2013-04-29,47.9207
2013-04-26,45.0666
2013-04-25,42.1416
2013-04-23,38.8915
2013-04-22,35.2803
2013-04-18,31.3557
2013-04-17,28.6464
2013-04-16,25.9915
2013-04-15,23.5338
2013-04-12,23.6691
2013-04-11,23.6412
2013-04-10,24.4307
2013-04-09,27.0762
2013-04-08,28.2563
2013-04-05,29.6912
2013-04-04,30.7096
2013-04-03,31.2629
2013-04-02,33.1963
2013-04-01,35.3446
2013-03-28,36.7351
2013-03-26,38.2800
2013-03-25,36.0726
2013-03-22,34.0745
2013-03-21,31.8543
2013-03-20,29.3875
2013-03-19,28.4610
2013-03-18,27.8086
2013-03-15,27.7466
2013-03-14,26.6368
2013-03-13,25.4037
2013-03-12,26.1447
2013-03-11,28.1466
2013-03-08,30.1699
2013-03-07,32.5043
2013-03-06,34.0708
2013-03-05,34.0299
2013-03-04,32.9599
2013-03-01,30.5404
2013-02-28,27.6864
2013-02-27,24.6655
2013-02-26,23.8417
2013-02-25,23.6559
2013-02-22,25.0527
2013-02-21,27.7641
2013-02-20,29.5295
2013-02-19,27.7528
2013-02-18,26.4065
2013-02-15,24.5949
2013-02-14,22.6333
2013-02-13,20.7973
2013-02-12,20.6342
2013-02-11,20.6122
2013-02-08,22.1055
2013-02-07,23.6491
2013-02-06,22.4503
2013-02-05,21.7260
2013-02-04,20.5722
2013-02-01,19.8010
2013-01-31,17.4709
2013-01-30,15.6778
2013-01-29,14.2123
2013-01-28,13.7722
2013-01-25,13.3943
2013-01-24,14.4204
2013-01-23,14.1691
2013-01-22,13.8899
2013-01-21,12.8138
2013-01-18,13.5596
2013-01-17,14.6193
2013-01-16,14.3116
2013-01-15,14.7939
2013-01-14,15.0905
2013-01-11,16.3783
2013-01-10,17.9742
2013-01-09,18.5941
2013-01-08,18.4491
2013-01-07,17.5459
2013-01-04,16.6459
2013-01-03,17.0006
2013-01-02,17.9692
2013-01-01,17.9015
2012-12-31,19.0370
2012-12-28,20.1878
2012-12-27,21.6309
2012-12-26,23.8733
2012-12-24,26.3649
2012-12-21,29.1333
2012-12-20,30.4420
2012-12-19,33.4194
2012-12-18,36.7276
2012-12-17,38.1930
2012-12-14,40.7536
2012-12-13,43.6221
2012-12-12,45.4119
2012-12-11,47.4594
2012-12-10,49.7343
2012-12-07,51.0685
2012-12-06,52.5510
2012-12-05,54.1981
2012-12-04,53.6875
2012-12-03,53.6116
2012-11-30,52.5646
2012-11-29,49.4066
2012-11-27,45.9576
2012-11-26,43.2176
2012-11-23,41.6017
2012-11-22,39.8063
2012-11-21,35.6225
2012-11-20,31.3843
2012-11-19,27.9626
2012-11-16,25.3518
2012-11-15,22.4854
2012-11-12,19.3006
2012-11-09,15.7618
2012-11-08,14.2726
2012-11-07,13.3154
2012-11-06,11.7141
2012-11-05,11.3642
2012-11-02,12.0615
2012-11-01,12.6540
2012-10-31,13.3122
2012-10-30,14.6659
2012-10-29,16.1700
2012-10-26,15.8459
2012-10-25,16.4578
2012-10-23,17.1377
2012-10-22,16.6493
2012-10-19,16.1329
2012-10-18,16.5892
2012-10-17,17.0963
2012-10-16,18.8439
2012-10-15,20.3474
2012-10-12,22.0179
2012-10-11,23.0051
2012-10-10,25.2084
2012-10-09,27.0975
2012-10-08,29.7564
2012-10-05,32.6538
2012-10-04,35.8731
2012-10-03,35.8733
2012-10-01,37.1330
2012-09-28,37.8354
2012-09-27,35.9705
2012-09-26,33.8984
2012-09-25,31.5960
2012-09-24,28.2430
2012-09-21,24.6796
2012-09-20,21.5276
2012-09-18,20.7959
2012-09-17,18.0512
2012-09-14,14.2915
2012-09-13,10.9586
2012-09-12,10.7591
2012-09-11,10.9343
2012-09-10,11.3762
2012-09-07,10.4432
2012-09-06,10.5803
2012-09-05,11.0524
2012-09-04,11.4060
2012-09-03,11.8102
2012-08-31,12.3199
2012-08-30,13.6100
2012-08-29,14.6477
2012-08-28,14.3483
2012-08-27,13.8883
2012-08-24,14.8773
2012-08-23,16.4481
2012-08-22,17.7321
2012-08-21,19.0497
2012-08-17,19.7552
2012-08-16,21.6993
2012-08-14,22.4620
2012-08-13,21.3196
2012-08-10,20.0502
2012-08-09,19.2343
2012-08-08,18.3380
2012-08-07,18.5635
2012-08-06,18.3008
2012-08-03,18.1892
2012-08-02,19.1280
2012-08-01,20.1711
2012-07-31,21.5620
2012-07-30,23.4838
2012-07-27,25.6714
2012-07-26,28.0926
2012-07-25,28.4902
2012-07-24,31.3455
2012-07-23,33.2795
2012-07-20,35.7577
2012-07-19,38.3955
2012-07-18,39.8234
2012-07-17,41.8909
2012-07-16,44.2086
2012-07-13,46.1639
2012-07-12,47.8773
2012-07-11,50.1127
2012-07-10,49.7995
2012-07-09,49.7114
2012-07-06,50.7744
2012-07-05,47.9016
2012-07-04,44.9496
2012-07-03,41.9487
2012-07-02,38.6144
2012-06-29,35.2581
2012-06-28,32.3409
2012-06-27,30.8202
2012-06-26,29.4223
2012-06-25,28.9970
2012-06-22,28.5245
2012-06-21,28.7163
2012-06-20,28.9486
2012-06-19,30.1307
2012-06-18,31.5023
2012-06-15,31.9642
2012-06-14,32.7188
2012-06-13,32.8997
2012-06-12,31.1096
2012-06-11,29.2565
2012-06-08,27.4790
2012-06-07,26.0598
2012-06-06,24.8221
2012-06-05,25.5627
2012-06-04,27.1558
2012-06-01,27.4643
2012-05-31,28.6962
2012-05-30,31.1772
2012-05-29,32.9699
2012-05-28,36.0565
2012-05-25,38.7610
2012-05-24,40.3905
2012-05-23,41.9046
2012-05-22,40.9244
2012-05-21,40.3414
2012-05-18,40.4780
2012-05-17,39.7464
2012-05-16,39.5460
2012-05-15,36.9838
2012-05-14,35.0254
2012-05-11,32.8493
2012-05-10,31.8534
2012-05-09,31.1738
2012-05-08,30.4186
2012-05-07,30.4426
2012-05-04,30.9361
2012-05-03,33.6668
2012-05-02,32.8485
2012-04-30,33.0197
2012-04-27,33.5881
2012-04-26,35.0537
2012-04-25,35.3401
2012-04-24,35.7924
2012-04-23,36.2950
2012-04-20,34.4259
2012-04-19,31.0577
2012-04-18,27.5098
2012-04-17,25.4133
2012-04-16,23.7627
2012-04-13,22.8509
2012-04-12,21.6000
2012-04-11,20.6243
2012-04-10,20.5068
2012-04-09,21.1537
2012-04-04,20.3300
2012-04-03,18.2318
2012-04-02,15.9004
2012-03-30,14.6217
2012-03-29,14.2013
2012-03-28,15.1351
2012-03-27,16.5512
2012-03-26,17.8303
2012-03-23,19.2271
2012-03-22,20.7790
2012-03-21,22.5034
2012-03-20,23.4670
2012-03-19,22.4287
2012-03-16,21.5506
2012-03-15,22.2587
2012-03-14,23.9497
2012-03-13,24.0676
2012-03-12,24.7459
2012-03-09,25.4995
2012-03-07,27.5143
2012-03-06,29.0221
2012-03-05,31.9024
2012-03-02,35.1305
2012-03-01,37.9650
2012-02-29,41.6882
2012-02-28,43.3122
2012-02-27,46.5278
2012-02-24,50.6290
2012-02-23,53.4637
2012-02-22,52.4615
2012-02-21,51.3479
2012-02-17,50.8548
2012-02-16,50.3069
2012-02-15,48.5828
2012-02-14,46.9146
2012-02-13,46.2948
2012-02-10,45.2719
2012-02-09,44.1353
2012-02-08,42.8922
2012-02-07,42.5060
2012-02-06,40.5123
2012-02-03,38.2971
2012-02-02,36.5271
2012-02-01,35.4181
2012-01-31,34.2427
2012-01-30,33.5337
2012-01-27,34.3383
2012-01-25,33.0725
2012-01-24,32.8768
2012-01-23,32.6594
2012-01-20,32.8615
2012-01-19,33.0862
2012-01-18,30.2436
2012-01-17,27.6432
2012-01-16,26.6922
2012-01-13,25.8077
2012-01-12,23.7393
2012-01-11,22.2876
2012-01-10,21.5700
2012-01-09,21.0285
2012-01-06,21.3726
2012-01-05,21.7550
2012-01-04,24.1404
2012-01-03,26.4473
2012-01-02,28.1616
2011-12-30,27.7348
2011-12-29,27.7594
2011-12-28,28.1685
2011-12-27,29.9351
2011-12-26,32.3504
2011-12-23,35.2560
2011-12-22,38.4844
2011-12-21,41.7848
2011-12-20,44.4723
2011-12-19,44.0543
2011-12-16,41.4605
2011-12-15,39.3518
2011-12-14,38.2687
2011-12-13,37.3385
2011-12-12,36.3049
2011-12-09,35.2333
2011-12-08,35.5027
2011-12-07,37.1802
2011-12-05,40.9756
2011-12-02,44.6210
2011-12-01,48.6715
2011-11-30,52.9857
2011-11-29,53.2498
2011-11-28,52.9464
2011-11-25,52.9627
2011-11-24,49.8513
2011-11-23,46.3109
2011-11-22,42.4976
2011-11-21,39.4479
2011-11-18,36.1339
2011-11-17,33.1372
2011-11-16,30.4327
2011-11-15,27.9371
2011-11-14,26.2327
2011-11-11,24.3389
2011-11-09,22.2346
2011-11-08,21.7265
2011-11-04,21.7134
2011-11-03,22.0047
2011-11-02,21.4046
2011-11-01,21.4897
2011-10-31,22.0344
2011-10-28,22.3067
2011-10-25,21.9871
2011-10-24,21.6320
2011-10-21,20.3182
2011-10-20,19.7062
2011-10-19,19.0263
2011-10-18,18.2708
2011-10-17,19.5974
2011-10-14,21.1939
2011-10-13,23.3938
2011-10-12,25.7824
2011-10-11,27.6413
2011-10-10,28.7112
2011-10-07,28.2257
2011-10-05,27.6861
2011-10-04,25.9675
2011-10-03,24.5197
2011-09-30,23.8328
2011-09-29,24.7475
2011-09-28,25.7637
2011-09-27,24.2151
2011-09-26,22.6832
2011-09-23,20.9811
2011-09-22,20.5930
2011-09-21,21.9453
2011-09-20,20.7647
2011-09-19,20.0599
2011-09-16,20.3372
2011-09-15,20.6453
2011-09-14,21.2553
2011-09-13,22.7406
2011-09-12,24.7559
2011-09-09,26.2093
2011-09-08,29.0963
2011-09-07,30.5448
2011-09-06,32.1541
2011-09-05,34.8088
2011-09-02,38.4215
2011-08-30,42.2219
2011-08-29,46.1159
2011-08-26,45.9529
2011-08-25,43.4068
2011-08-24,40.9436
2011-08-23,39.2222
2011-08-22,37.1935
2011-08-19,35.5308
2011-08-18,33.6833
2011-08-17,32.6078
2011-08-16,30.8178
2011-08-12,28.8289
2011-08-11,27.6283
2011-08-10,27.9909
2011-08-09,28.3803
2011-08-08,25.4537
2011-08-05,23.0737
2011-08-04,21.1143
2011-08-03,21.2771
2011-08-02,20.5925
2011-08-01,20.6564
2011-07-29,21.7742
2011-07-28,21.4456
2011-07-27,21.8240
2011-07-26,24.1699
2011-07-25,25.9324
2011-07-22,28.7977
2011-07-21,31.7944
2011-07-20,35.1239
2011-07-19,37.1348
2011-07-18,36.8262
2011-07-15,36.5781
2011-07-14,37.6706
2011-07-13,38.8845
2011-07-12,42.0105
2011-07-11,46.4208
2011-07-08,47.7200
2011-07-07,45.5084
2011-07-06,43.2905
2011-07-05,41.1848
2011-07-04,38.9913
2011-07-01,36.8239
2011-06-30,34.4576
2011-06-29,32.3703
2011-06-28,30.5240
2011-06-27,30.8847
2011-06-24,31.2854
2011-06-23,33.8365
2011-06-22,34.2603
2011-06-21,34.9711
2011-06-20,35.7608
2011-06-17,36.6383
2011-06-16,39.4006
2011-06-15,42.0468
2011-06-14,41.9855
2011-06-13,41.6827
2011-06-10,42.4772
2011-06-09,43.4295
2011-06-08,43.1761
2011-06-07,41.9440
2011-06-06,38.9426
2011-06-03,35.8630
2011-06-02,32.6142
2011-06-01,29.2026
2011-05-31,25.3459
2011-05-30,21.1612
2011-05-27,18.6184
2011-05-26,16.7794
2011-05-25,16.5465
2011-05-24,17.0519
2011-05-23,16.9346
2011-05-20,16.8043
2011-05-19,15.4418
2011-05-18,16.1712
2011-05-17,17.5372
2011-05-16,19.3712
2011-05-13,21.0384
2011-05-12,22.8908
2011-05-11,23.1484
2011-05-10,23.4346
2011-05-09,23.7526
2011-05-06,25.2731
2011-05-05,26.7916
2011-05-04,25.8543
2011-05-03,24.8129
2011-05-02,24.1972
2011-04-29,24.8084
2011-04-28,26.2368
2011-04-27,28.0553
2011-04-26,30.0759
2011-04-25,31.6015
2011-04-21,30.8719
2011-04-20,30.8367
2011-04-19,31.8118
2011-04-18,34.0768
2011-04-15,36.5935
2011-04-13,37.3294
2011-04-11,38.2484
2011-04-08,41.1185
2011-04-07,40.2975
2011-04-06,39.5818
2011-04-05,37.8959
2011-04-04,34.4911
2011-04-01,30.7867
2011-03-31,27.3752
2011-03-30,23.5848
2011-03-29,19.9755
2011-03-28,16.7504
2011-03-25,13.5432
2011-03-24,10.8955
2011-03-23,11.1684
2011-03-22,12.3491
2011-03-21,13.1155
2011-03-18,14.1976
2011-03-17,15.5490
2011-03-16,16.3861
2011-03-15,17.9630
2011-03-14,19.2968
2011-03-11,20.0171
2011-03-10,20.9421
2011-03-09,21.3191
2011-03-08,21.3947
2011-03-07,22.1248
2011-03-04,23.4627
2011-03-03,22.4968
2011-03-01,21.7149
2011-02-28,23.1630
2011-02-25,25.7262
2011-02-24,27.1191
2011-02-23,29.8640
2011-02-22,30.9865
2011-02-21,30.5085
2011-02-18,29.6576
2011-02-17,27.0141
2011-02-16,25.4250
2011-02-15,26.8007
2011-02-14,28.3292
2011-02-11,30.5702
2011-02-10,31.6010
2011-02-09,31.0377
2011-02-08,30.2560
2011-02-07,29.5815
2011-02-04,30.3502
2011-02-03,31.2043
2011-02-02,30.9625
2011-02-01,30.5123
2011-01-31,30.4332
2011-01-28,29.9168
2011-01-27,30.9993
2011-01-25,32.2021
2011-01-24,34.7938
2011-01-21,36.5297
2011-01-20,36.7595
2011-01-19,37.0148
2011-01-18,36.2773
2011-01-17,35.4580
2011-01-14,32.9701
2011-01-13,30.2059
2011-01-12,28.9625
2011-01-11,27.5210
2011-01-10,26.3283
2011-01-07,25.2580
2011-01-06,27.7817
2011-01-05,28.5393
2011-01-04,29.4796
2011-01-03,28.6320
2010-12-31,26.3696
2010-12-30,24.7683
2010-12-29,23.5384
2010-12-28,22.3580
2010-12-27,23.6253
2010-12-24,25.4434
2010-12-23,27.2099
2010-12-22,27.9039
2010-12-21,28.8032
2010-12-20,28.6319
2010-12-16,26.9220
2010-12-15,25.0221
2010-12-14,22.9112
2010-12-13,22.1406
2010-12-10,19.9719
2010-12-09,16.6169
2010-12-08,14.0645
2010-12-07,12.5439
2010-12-06,13.5404
2010-12-03,12.4799
2010-12-02,12.4137
2010-12-01,12.3401
2010-11-30,13.6455
2010-11-29,12.0844
2010-11-26,11.6833
2010-11-25,11.2375
2010-11-24,11.8147
2010-11-23,12.4560
2010-11-22,13.5746
2010-11-19,14.8175
2010-11-18,15.1159
2010-11-16,16.7504
2010-11-15,17.3634
2010-11-12,18.0445
2010-11-11,17.9486
2010-11-10,19.1196
2010-11-09,19.7609
2010-11-08,21.2512
2010-11-04,23.1524
2010-11-03,23.0399
2010-11-02,24.3634
2010-11-01,25.8340
2010-10-29,28.3634
2010-10-28,27.1902
2010-10-27,26.0025
2010-10-26,24.8872
2010-10-25,25.4487
2010-10-22,26.8505
2010-10-21,29.0081
2010-10-20,31.6087
2010-10-19,34.9867
2010-10-18,37.8374
2010-10-15,41.3081
2010-10-14,43.8140
2010-10-13,44.7280
2010-10-12,46.1063
2010-10-11,49.7372
2010-10-08,52.0636
2010-10-07,57.1399
2010-10-06,60.1989
2010-10-05,61.5371
2010-10-04,63.0241
2010-10-01,61.5995
2010-09-30,60.2311
2010-09-29,58.9921
2010-09-28,58.0499
2010-09-27,57.1944
2010-09-24,55.3113
2010-09-23,52.6299
2010-09-22,49.8845
2010-09-21,46.8341
2010-09-20,43.4078
2010-09-17,39.8210
2010-09-16,36.4208
2010-09-15,32.7491
2010-09-14,29.1452
2010-09-13,25.6804
2010-09-09,23.0715
2010-09-08,21.7818
2010-09-07,22.7222
2010-09-06,22.7464
2010-09-03,22.3466
2010-09-02,22.5503
2010-09-01,23.3706
2010-08-31,25.2953
2010-08-30,26.3520
2010-08-27,27.6725
2010-08-26,29.5211
2010-08-25,31.0275
2010-08-24,32.0695
2010-08-23,33.2272
2010-08-20,32.4169
2010-08-19,30.0199
2010-08-18,27.3695
2010-08-17,25.5781
2010-08-16,26.6684
2010-08-13,26.8461
2010-08-12,28.6043
2010-08-11,31.4943
2010-08-10,33.0888
2010-08-09,35.7842
2010-08-06,38.2489
2010-08-05,39.4578
2010-08-04,40.2312
2010-08-03,41.2534
2010-08-02,40.0313
2010-07-30,37.7212
2010-07-29,35.3546
2010-07-28,33.4592
2010-07-27,32.1481
2010-07-26,31.2027
2010-07-23,31.1276
2010-07-22,31.0442
2010-07-21,31.0876
2010-07-20,31.2711
2010-07-19,30.7395
2010-07-16,31.4909
2010-07-15,31.6767
2010-07-14,29.9523
2010-07-13,26.3966
2010-07-12,23.3617
2010-07-09,20.6562
2010-07-08,19.2186
2010-07-07,20.2127
2010-07-06,22.0254
2010-07-05,24.0395
2010-07-02,23.5368
2010-07-01,23.1914
2010-06-30,22.8077
2010-06-29,22.3813
2010-06-28,22.7410
2010-06-25,24.9999
2010-06-24,26.8992
2010-06-23,25.3939
2010-06-22,23.9389
2010-06-21,22.6932
2010-06-18,20.9959
2010-06-17,19.5853
2010-06-16,18.0180
2010-06-15,16.6294
2010-06-14,15.4954
2010-06-11,14.4049
2010-06-10,14.2025
2010-06-09,15.2214
2010-06-08,15.3437
2010-06-07,15.5418
2010-06-04,15.5417
2010-06-03,16.4924
2010-06-02,17.5488
2010-06-01,18.0855
2010-05-31,19.1844
2010-05-28,21.0936
2010-05-27,22.5507
2010-05-26,24.7192
2010-05-25,25.0337
2010-05-24,23.3859
2010-05-21,22.4011
2010-05-20,20.2834
2010-05-19,18.9653
2010-05-18,17.6449
2010-05-17,18.1800
2010-05-14,19.7490
2010-05-13,20.8974
2010-05-12,21.5486
2010-05-11,23.1750
2010-05-10,25.2710
2010-05-07,27.3164
2010-05-06,24.8303
2010-05-05,23.5012
2010-05-04,22.1842
2010-05-03,23.4978
2010-04-30,25.1141
2010-04-29,25.2470
2010-04-28,27.1560
2010-04-27,28.7781
2010-04-26,28.6344
2010-04-23,28.4748
2010-04-22,31.3201
2010-04-21,34.4817
2010-04-20,35.5851
2010-04-19,37.0403
2010-04-16,38.8068
2010-04-15,40.6759
2010-04-13,41.4300
2010-04-12,42.8451
2010-04-09,43.7906
2010-04-08,45.2673
2010-04-07,48.0446
2010-04-06,47.7985
2010-04-05,47.6664
2010-04-01,47.5195
2010-03-31,47.7833
2010-03-30,48.3101
2010-03-29,48.5430
2010-03-26,45.6476
2010-03-25,42.9772
2010-03-23,40.4646
2010-03-22,38.5535
2010-03-19,37.8905
2010-03-18,38.8019
2010-03-17,40.9397
2010-03-16,42.7527
2010-03-15,45.2621
2010-03-12,45.0149
2010-03-11,44.7402
2010-03-10,42.4222
2010-03-09,40.2933
2010-03-08,38.0853
2010-03-05,36.1824
2010-03-04,34.0680
2010-03-03,32.2378
2010-03-02,30.3489
2010-02-26,29.0250
2010-02-25,28.7736
2010-02-24,29.6024
2010-02-23,29.0594
2010-02-22,28.4750
2010-02-19,26.9180
2010-02-18,25.9917
2010-02-17,25.3963
2010-02-16,26.1221
2010-02-15,28.4246
2010-02-11,30.7336
2010-02-10,33.4411
2010-02-09,35.2804
2010-02-08,33.5696
2010-02-05,31.6686
2010-02-04,29.7557
2010-02-03,28.7125
2010-02-02,27.5534
2010-02-01,25.4929
2010-01-29,23.4856
2010-01-28,21.2551
2010-01-27,19.4420
2010-01-25,17.8277
2010-01-22,17.6984
2010-01-21,18.9643
2010-01-20,19.4303
2010-01-19,16.8122
2010-01-18,14.1888
2010-01-15,11.6117
2010-01-14,12.4385
2010-01-13,13.3572
2010-01-12,13.2548
2010-01-11,14.6843
2010-01-08,14.3244
2010-01-07,15.6786
2010-01-06,17.1832
2010-01-05,18.6223
2010-01-04,20.0633
2009-12-31,21.8032
2009-12-30,23.2516
2009-12-29,23.9464
2009-12-24,25.4355
2009-12-23,27.0901
2009-12-22,27.3051
2009-12-21,24.3798
2009-12-18,21.3735
2009-12-17,18.0332
2009-12-16,14.9866
2009-12-15,11.8997
2009-12-14,8.9037
2009-12-11,8.4184
2009-12-10,8.7752
2009-12-09,9.7299
2009-12-08,9.4028
2009-12-07,9.0393
2009-12-04,9.6599
2009-12-03,10.3494
2009-12-02,10.8227
2009-12-01,11.9603
2009-11-30,12.3752
2009-11-27,12.3122
2009-11-26,10.6588
2009-11-25,11.5878
2009-11-24,11.1205
2009-11-23,12.3511
2009-11-20,13.0075
2009-11-19,13.8162
2009-11-18,14.4332
2009-11-17,15.3658
2009-11-16,17.0228
2009-11-13,18.0638
2009-11-12,19.6050
2009-11-11,21.3175
2009-11-10,22.2397
2009-11-09,21.1337
2009-11-06,20.9796
2009-11-05,22.6944
2009-11-04,23.7516
2009-11-03,24.9262
2009-10-30,25.7599
2009-10-29,27.6067
2009-10-28,26.8877
2009-10-27,27.1933
2009-10-26,29.6528
2009-10-23,32.8467
2009-10-22,36.3169
2009-10-21,39.0544
2009-10-20,42.4967
2009-10-16,46.3555
2009-10-15,48.0632
2009-10-14,49.9607
2009-10-12,52.5254
2009-10-09,56.1884
2009-10-08,55.5156
2009-10-07,54.7679
2009-10-06,52.5057
2009-10-05,50.8244
2009-10-01,49.4575
2009-09-30,46.3368
2009-09-29,43.1572
2009-09-25,40.1130
2009-09-24,36.8907
2009-09-23,33.3104
2009-09-22,30.2435
2009-09-18,28.9305
2009-09-17,28.3103
2009-09-16,26.0987
2009-09-15,23.9135
2009-09-14,22.6315
2009-09-11,22.0788
2009-09-10,21.7850
2009-09-09,19.8338
2009-09-08,19.0615
2009-09-07,18.2035
2009-09-04,17.4600
2009-09-03,17.8992
2009-09-02,19.2716
2009-09-01,20.7267
2009-08-31,22.3435
2009-08-28,22.3996
2009-08-27,23.4153
2009-08-26,24.2009
2009-08-25,24.0934
2009-08-24,23.1431
2009-08-21,21.7018
2009-08-20,20.7045
2009-08-19,18.4787
2009-08-18,17.2675
2009-08-17,16.0401
2009-08-14,16.2875
2009-08-13,15.4194
2009-08-12,14.5426
2009-08-11,14.5917
2009-08-10,15.4840
2009-08-07,15.9797
2009-08-06,15.4870
2009-08-05,16.6281
2009-08-04,17.1088
2009-08-03,16.3089
2009-07-31,16.4269
2009-07-30,15.6731
2009-07-29,17.2099
2009-07-28,17.7654
2009-07-27,19.0885
2009-07-24,20.3747
2009-07-23,21.1925
2009-07-22,21.9547
2009-07-21,22.4597
2009-07-20,21.9245
2009-07-17,21.3298
2009-07-16,22.1932
2009-07-15,23.8959
2009-07-14,25.3964
2009-07-13,27.5298
2009-07-10,26.7211
2009-07-09,26.2174
2009-07-08,24.5157
2009-07-07,22.6250
2009-07-06,21.9971
2009-07-03,21.2994
2009-07-02,22.8125
2009-07-01,25.2185
2009-06-30,26.6580
2009-06-29,28.2575
2009-06-26,29.0766
2009-06-25,31.6733
2009-06-24,34.8991
2009-06-23,38.4833
2009-06-22,42.1676
2009-06-19,42.4804
2009-06-18,43.2694
2009-06-17,44.1461
2009-06-16,44.1587
2009-06-15,44.8322
2009-06-12,44.6319
2009-06-11,43.6798
2009-06-10,42.7312
2009-06-09,41.9040
2009-06-08,44.2331
2009-06-05,44.8708
2009-06-04,45.5188
2009-06-03,47.3563
2009-06-02,49.3980
2009-06-01,50.1875
2009-05-29,48.3308
2009-05-28,46.5038
2009-05-27,44.5710
2009-05-26,42.9542
2009-05-25,41.6713
2009-05-22,39.0335
2009-05-21,36.1025
2009-05-20,32.8459
2009-05-19,28.6566
2009-05-18,24.0018
2009-05-15,19.8383
2009-05-14,20.4073
2009-05-13,22.2330
2009-05-12,22.6921
2009-05-11,23.2021
2009-05-08,23.8678
2009-05-07,25.7882
2009-05-06,23.9939
2009-05-05,22.0001
2009-05-04,19.7849
2009-04-29,17.5019
2009-04-28,18.7785
2009-04-27,20.1970
2009-04-24,19.4603
2009-04-23,19.5714
2009-04-22,20.8643
2009-04-21,22.3009
2009-04-20,24.0602
2009-04-17,24.7643
2009-04-16,25.0594
2009-04-15,25.3872
2009-04-13,26.1951
2009-04-09,26.0422
2009-04-08,26.9450
2009-04-06,28.6477
2009-04-02,27.9857
2009-04-01,27.9679
2009-03-31,29.7866
2009-03-30,32.6852
2009-03-27,34.4870
2009-03-26,33.0558
2009-03-25,31.7338
2009-03-24,31.0570
2009-03-23,30.5073
2009-03-20,33.3172
2009-03-19,32.3465
2009-03-18,31.7662
2009-03-17,32.0819
2009-03-16,32.3492
2009-03-13,33.8202
2009-03-12,33.8566
2009-03-09,32.7176
2009-03-06,30.1119
2009-03-05,27.2168
2009-03-04,24.5796
2009-03-03,23.4052
2009-03-02,21.7626
2009-02-27,20.9605
2009-02-26,20.3116
2009-02-25,18.7715
2009-02-24,18.0488
2009-02-20,16.1604
2009-02-19,15.0219
2009-02-18,15.0113
2009-02-17,14.5916
2009-02-16,14.4953
2009-02-13,15.2235
2009-02-12,13.4451
2009-02-11,12.3280
2009-02-10,11.0868
2009-02-09,9.3613
2009-02-06,9.6805
2009-02-05,10.1876
2009-02-04,10.7429
2009-02-03,11.6997
2009-02-02,11.9586
2009-01-30,12.2462
2009-01-29,13.2606
2009-01-28,13.8979
2009-01-27,15.0541
2009-01-23,15.5610
2009-01-22,16.1241
2009-01-21,17.5271
2009-01-20,16.2919
2009-01-19,15.8180
2009-01-16,16.6419
2009-01-15,16.8924
2009-01-14,17.1708
2009-01-13,17.7915
2009-01-12,19.0250
2009-01-09,19.5253
2009-01-07,20.0811
2009-01-06,19.3764
2009-01-05,16.4852
2009-01-02,15.6734
2009-01-01,15.6095
2008-12-31,16.1524
2008-12-30,16.7557
2008-12-29,16.9629
2008-12-26,18.2607
2008-12-24,19.2688
2008-12-23,21.2038
2008-12-22,21.9452
2008-12-19,20.8210
2008-12-18,18.0948
2008-12-17,15.2931
2008-12-16,13.9057
2008-12-15,12.9290
2008-12-12,13.3788
2008-12-11,14.3675
2008-12-10,15.3851
2008-12-08,17.0503
2008-12-05,18.9004
2008-12-04,19.9644
2008-12-03,21.8265
2008-12-02,23.4939
2008-12-01,24.6992
2008-11-28,27.2518
2008-11-26,28.9834
2008-11-25,30.6150
2008-11-24,30.5765
2008-11-21,29.4073
2008-11-20,28.1082
2008-11-19,26.8500
2008-11-18,26.7699
2008-11-17,24.8070
2008-11-14,22.9972
2008-11-12,23.2207
2008-11-11,23.4690
2008-11-10,24.3651
2008-11-07,26.4235
2008-11-06,28.3756
2008-11-05,30.3238
2008-11-04,33.6013
2008-11-03,36.0767
2008-10-31,37.7971
2008-10-29,38.4021
2008-10-27,36.8232
2008-10-24,34.2381
2008-10-23,31.9903
2008-10-22,30.5945
2008-10-21,29.7394
2008-10-20,29.4037
2008-10-17,28.7747
2008-10-16,28.0758
2008-10-15,27.9466
2008-10-14,28.9167
2008-10-13,30.3929
2008-10-10,30.4170
2008-10-08,27.0653
2008-10-07,23.3833
2008-10-06,20.5655
2008-10-03,19.0383
2008-10-01,18.9819
2008-09-30,18.9192
2008-09-29,16.3847
2008-09-26,14.8487
2008-09-25,14.3982
2008-09-24,14.9600
2008-09-23,14.9498
2008-09-22,14.7856
2008-09-19,16.2617
2008-09-18,17.2187
2008-09-17,15.2582
2008-09-16,15.2472
2008-09-15,14.8555
2008-09-12,13.6284
2008-09-11,14.4872
2008-09-10,15.7430
2008-09-09,16.9778
2008-09-08,16.8012
2008-09-05,16.1996
2008-09-04,16.2556
2008-09-02,14.2351
2008-09-01,11.9902
2008-08-29,11.5760
2008-08-28,11.9542
2008-08-27,12.8175
2008-08-26,13.6641
2008-08-25,14.8144
2008-08-22,15.0436
2008-08-21,16.6208
2008-08-20,18.2100
2008-08-19,18.4447
2008-08-18,19.8229
2008-08-14,21.3543
2008-08-13,23.5133
2008-08-12,24.4210
2008-08-11,23.7644
2008-08-08,21.4789
2008-08-07,19.6346
2008-08-06,18.1526
2008-08-05,16.3391
2008-08-04,16.4791
2008-08-01,18.1396
2008-07-31,19.7293
2008-07-30,21.8740
2008-07-29,23.4322
2008-07-28,25.1636
2008-07-25,26.0849
2008-07-24,26.5185
2008-07-23,24.5886
2008-07-22,23.2735
2008-07-21,22.6051
2008-07-18,23.9419
2008-07-17,26.2359
2008-07-16,26.0638
2008-07-15,23.9934
2008-07-14,22.1282
2008-07-11,23.1716
2008-07-10,25.4204
2008-07-09,27.9190
2008-07-08,30.1963
2008-07-07,30.8538
2008-07-04,32.9256
2008-07-03,32.6627
2008-07-02,32.3706
2008-07-01,32.1849
2008-06-30,29.5536
2008-06-27,27.5893
2008-06-26,25.4068
2008-06-25,24.2028
2008-06-24,21.8077
2008-06-23,20.0001
2008-06-20,18.8409
2008-06-19,18.1252
2008-06-18,17.9405
2008-06-17,19.6625
2008-06-16,21.5310
2008-06-13,21.2107
2008-06-12,20.8548
2008-06-11,20.5954
2008-06-10,20.3753
2008-06-09,19.7565
2008-06-06,20.1596
2008-06-05,22.3086
2008-06-04,24.7805
2008-06-03,26.9159
2008-06-02,27.5495
2008-05-30,26.5907
2008-05-29,26.1664
2008-05-28,25.6950
2008-05-27,24.1526
2008-05-26,22.4672
2008-05-23,21.1151
2008-05-22,20.6990
2008-05-21,19.4043
2008-05-20,18.7201
2008-05-16,20.0201
2008-05-15,20.7270
2008-05-14,22.6104
2008-05-13,24.0929
2008-05-12,26.6077
2008-05-09,28.7052
2008-05-08,31.4940
2008-05-07,32.6978
2008-05-06,32.5058
2008-05-05,31.3087
2008-05-02,29.9787
2008-04-30,27.8543
2008-04-29,25.9424
2008-04-28,23.8181
2008-04-25,22.1090
2008-04-24,21.0661
2008-04-23,20.7031
2008-04-22,20.2998
2008-04-21,18.2003
2008-04-17,16.9317
2008-04-16,16.4793
2008-04-15,17.6071
2008-04-11,18.8603
2008-04-10,20.3714
2008-04-09,21.9570
2008-04-08,23.7187
2008-04-07,24.1766
2008-04-04,24.5367
2008-04-03,25.3011
2008-04-02,26.5895
2008-04-01,28.0210
2008-03-31,28.1264
2008-03-28,28.6765
2008-03-27,30.9619
2008-03-26,33.5013
2008-03-25,37.1155
2008-03-24,40.5764
2008-03-19,42.1361
2008-03-18,43.2588
2008-03-17,41.3775
2008-03-14,40.5016
2008-03-13,40.2962
2008-03-12,40.5878
2008-03-11,42.2615
2008-03-10,40.7137
2008-03-07,37.5022
2008-03-05,34.2170
2008-03-04,31.4909
2008-03-03,28.4619
2008-02-29,26.3429
2008-02-28,25.3870
2008-02-27,25.0446
2008-02-26,24.2427
2008-02-25,22.7336
2008-02-22,21.0569
2008-02-21,20.8242
2008-02-20,21.4764
2008-02-19,22.6276
2008-02-18,24.9841
2008-02-15,27.6024
2008-02-14,30.2066
2008-02-13,32.4070
2008-02-12,32.4860
2008-02-11,30.9012
2008-02-08,29.1404
2008-02-07,28.4037
2008-02-06,28.6905
2008-02-05,28.0617
2008-02-04,28.5406
2008-02-01,29.5878
2008-01-31,30.1840
2008-01-30,31.2507
2008-01-29,31.2412
2008-01-28,31.2307
2008-01-25,30.0830
2008-01-24,30.1131
2008-01-23,27.6182
2008-01-22,24.8461
2008-01-21,20.6843
2008-01-18,17.9130
2008-01-17,16.3123
2008-01-16,15.8091
2008-01-15,16.3214
2008-01-14,14.7981
2008-01-11,13.1056
2008-01-10,12.7633
2008-01-09,12.3831
2008-01-08,12.6587
2008-01-07,13.4201
2008-01-04,12.2937
2008-01-03,13.1865
2008-01-02,13.6792
2008-01-01,14.4272
2007-12-31,15.2826
2007-12-28,16.2331
2007-12-27,17.5985
2007-12-26,17.6109
2007-12-24,19.2362
2007-12-20,20.9472
2007-12-19,20.9421
2007-12-18,21.3733
2007-12-17,21.8525
2007-12-14,24.1073
2007-12-13,24.9241
2007-12-12,23.6697
2007-12-11,22.2758
2007-12-10,20.9358
2007-12-07,20.8956
2007-12-06,19.1564
2007-12-05,17.2239
2007-12-04,16.1077
2007-12-03,15.4454
2007-11-30,14.7095
2007-11-29,13.6583
2007-11-28,13.8753
2007-11-27,14.1164
2007-11-26,15.3360
2007-11-23,16.0564
2007-11-22,17.5286
2007-11-21,18.8550
2007-11-20,20.6387
2007-11-19,22.3508
2007-11-16,23.1029
2007-11-15,24.7011
2007-11-14,25.6038
2007-11-13,26.6069
2007-11-12,28.7018
2007-11-08,28.5243
2007-11-07,30.2232
2007-11-06,33.5150
2007-11-05,34.3155
2007-11-02,35.2050
2007-11-01,36.1933
2007-10-31,34.9671
2007-10-30,34.8593
2007-10-29,33.9561
2007-10-26,33.6048
2007-10-25,35.5279
2007-10-24,37.6647
2007-10-23,41.1321
2007-10-22,45.6424
2007-10-19,47.0967
2007-10-18,49.4496
2007-10-17,52.5202
2007-10-16,55.9320
2007-10-15,53.9141
2007-10-12,51.6719
2007-10-11,50.5859
2007-10-10,49.3792
2007-10-09,48.4552
2007-10-08,48.1653
2007-10-05,47.8432
2007-10-04,48.1462
2007-10-03,48.4892
2007-10-01,47.5574
2007-09-28,46.5220
2007-09-27,45.4732
2007-09-26,41.7966
2007-09-25,38.6846
2007-09-24,35.2268
2007-09-21,32.3675
2007-09-20,29.7787
2007-09-19,26.5145
2007-09-18,22.8876
2007-09-17,22.9946
2007-09-14,21.4281
2007-09-13,19.6875
2007-09-12,19.6863
2007-09-11,21.0641
2007-09-10,22.2951
2007-09-07,23.6629
2007-09-06,22.8306
2007-09-05,22.9922
2007-09-04,23.2344
2007-09-03,23.0314
2007-08-31,21.9664
2007-08-30,21.0163
2007-08-29,19.8624
2007-08-28,19.2569
2007-08-27,19.7610
2007-08-24,21.8789
2007-08-23,23.9829
2007-08-22,26.3206
2007-08-21,26.7279
2007-08-20,27.3261
2007-08-17,28.0294
2007-08-16,26.1860
2007-08-14,25.1204
2007-08-13,25.6240
2007-08-10,26.2724
2007-08-09,25.3056
2007-08-08,26.5874
2007-08-07,27.7710
2007-08-06,27.5224
2007-08-03,24.8494
2007-08-02,22.9450
2007-08-01,21.0023
2007-07-31,18.8436
2007-07-30,17.5972
2007-07-27,15.5238
2007-07-26,14.1974
2007-07-25,15.0567
2007-07-24,16.4122
2007-07-23,17.9183
2007-07-20,18.1061
2007-07-19,19.0366
2007-07-18,20.4748
2007-07-17,21.4750
2007-07-16,22.5862
2007-07-13,21.0192
2007-07-12,19.1182
2007-07-11,18.6673
2007-07-10,20.3552
2007-07-09,20.7633
2007-07-06,19.5238
2007-07-05,19.4631
2007-07-04,19.5199
2007-07-03,18.3525
2007-07-02,15.9198
2007-06-29,14.4273
2007-06-28,13.0759
2007-06-27,14.1402
2007-06-26,15.2023
2007-06-25,15.8531
2007-06-22,17.1478
2007-06-21,18.1362
2007-06-20,19.6041
2007-06-19,21.2350
2007-06-18,23.2366
2007-06-15,25.4605
2007-06-14,27.9183
2007-06-13,30.9971
2007-06-12,33.1009
2007-06-11,35.4384
2007-06-08,36.9452
2007-06-07,39.5254
2007-06-06,41.0229
2007-06-05,41.5239
2007-06-04,40.1219
2007-06-01,38.2364
2007-05-31,36.4582
2007-05-30,34.7803
2007-05-29,33.1113
2007-05-28,29.7895
2007-05-25,26.0986
2007-05-24,27.3205
2007-05-23,26.9565
2007-05-22,23.9232
2007-05-21,20.2920
2007-05-18,16.6706
2007-05-17,13.6994
2007-05-16,11.8617
2007-05-15,11.3853
2007-05-14,11.8536
2007-05-11,12.3739
2007-05-10,11.8394
2007-05-09,13.1109
2007-05-08,11.7018
2007-05-07,10.6947
2007-05-04,10.6324
2007-05-03,10.9282
2007-04-30,11.2569
2007-04-27,11.2463
2007-04-26,12.1552
2007-04-25,13.1652
2007-04-24,13.3187
2007-04-23,14.6229
2007-04-20,15.0637
2007-04-19,15.5535
2007-04-18,14.6756
2007-04-17,15.1980
2007-04-16,15.7784
2007-04-13,16.4233
2007-04-12,17.8115
2007-04-11,19.6975
2007-04-10,20.1660
2007-04-09,20.6865
2007-04-05,22.3953
2007-04-04,23.6595
2007-04-03,24.3537
2007-04-02,23.7162
2007-03-30,23.0079
2007-03-29,24.2656
2007-03-28,25.2315
2007-03-26,27.6065
2007-03-23,29.9130
2007-03-22,30.6032
2007-03-21,31.3702
2007-03-20,33.7108
2007-03-19,35.5867
2007-03-16,35.9840
2007-03-15,35.0151
2007-03-14,34.9587
2007-03-13,34.8959
2007-03-12,36.3957
2007-03-09,38.2932
2007-03-08,40.9580
2007-03-07,43.7013
2007-03-06,45.1017
2007-03-05,44.9607
2007-03-02,43.9041
2007-03-01,44.3542
2007-02-28,44.6302
2007-02-27,40.9964
2007-02-26,37.5531
2007-02-23,33.8361
2007-02-22,29.7062
2007-02-21,26.2880
2007-02-20,23.6100
2007-02-19,21.4786
2007-02-15,19.3751
2007-02-14,17.0379
2007-02-13,13.9080
2007-02-12,13.4707
2007-02-09,14.1711
2007-02-08,13.8971
2007-02-07,13.5928
2007-02-06,14.0657
2007-02-05,14.1558
2007-02-02,14.2457
2007-02-01,12.6784
2007-01-31,11.8700
2007-01-29,12.7726
2007-01-25,13.2856
2007-01-24,14.7302
2007-01-23,15.4148
2007-01-22,15.6738
2007-01-19,17.2550
2007-01-18,18.6865
2007-01-17,20.0560
2007-01-16,21.5776
2007-01-15,21.0193
2007-01-12,20.4964
2007-01-11,21.6933
2007-01-10,20.6384
2007-01-09,20.2050
2007-01-08,20.4126
2007-01-05,22.1273
2007-01-04,23.8549
2007-01-03,26.4506
2007-01-02,28.0279
2006-12-29,29.1774
2006-12-28,30.0034
2006-12-27,31.7720
2006-12-26,35.1323
2006-12-22,36.3436
2006-12-21,34.9795
2006-12-20,33.4880
2006-12-19,32.0338
2006-12-18,31.4560
2006-12-15,31.0854
2006-12-14,31.6533
2006-12-13,30.0809
2006-12-12,28.3339
2006-12-11,26.2723
2006-12-08,23.9816
2006-12-07,26.3484
2006-12-06,28.9782
2006-12-05,32.0984
2006-12-04,35.5653
2006-12-01,37.5700
2006-11-30,38.1631
2006-11-29,39.5002
2006-11-28,41.9522
2006-11-27,44.9355
2006-11-24,45.6163
2006-11-23,46.3729
2006-11-22,47.5081
2006-11-21,49.5523
2006-11-20,51.5573
2006-11-17,53.7850
2006-11-16,51.1446
2006-11-15,48.2107
2006-11-14,46.5934
2006-11-13,45.0411
2006-11-10,43.5946
2006-11-09,42.6776
2006-11-08,43.0290
2006-11-07,44.2932
2006-11-06,44.8755
2006-11-03,46.0855
2006-11-02,47.0137
2006-11-01,48.0450
2006-10-31,48.1680
2006-10-30,47.1201
2006-10-27,45.9559
2006-10-26,45.4047
2006-10-23,45.1100
2006-10-20,45.9448
2006-10-19,46.8722
2006-10-18,47.6366
2006-10-17,46.5651
2006-10-16,43.2010
2006-10-13,39.5631
2006-10-12,36.9934
2006-10-11,35.0951
2006-10-10,32.9859
2006-10-09,31.8186
2006-10-06,30.9336
2006-10-05,29.1165
2006-10-04,27.0976
2006-10-03,28.0482
2006-09-29,25.5961
2006-09-28,22.2495
2006-09-27,18.5311
2006-09-26,16.8767
2006-09-25,16.2168
2006-09-22,16.3876
2006-09-21,16.5775
2006-09-20,17.8759
2006-09-19,19.8007
2006-09-18,20.3770
2006-09-15,21.1058
2006-09-14,21.9156
2006-09-13,23.7903
2006-09-12,25.8732
2006-09-11,25.4086
2006-09-08,25.9535
2006-09-07,28.3826
2006-09-06,31.0816
2006-09-05,31.7045
2006-09-04,30.5797
2006-09-01,28.1291
2006-08-31,25.8363
2006-08-30,25.0708
2006-08-29,24.9372
2006-08-28,24.1651
2006-08-25,24.3395
2006-08-24,24.2073
2006-08-23,24.0603
2006-08-22,22.3994
2006-08-21,20.8980
2006-08-18,20.5948
2006-08-17,18.7733
2006-08-16,16.2897
2006-08-14,13.8374
2006-08-11,14.2700
2006-08-10,14.1762
2006-08-09,15.1014
2006-08-08,15.4042
2006-08-07,15.2152
2006-08-04,15.9682
2006-08-03,16.3398
2006-08-02,16.7526
2006-08-01,18.6088
2006-07-31,19.4766
2006-07-28,18.8576
2006-07-27,18.2393
2006-07-26,18.3077
2006-07-25,18.8138
2006-07-24,20.5637
2006-07-21,20.0591
2006-07-20,20.2448
2006-07-19,20.5167
2006-07-18,18.7555
2006-07-17,17.3757
2006-07-14,15.8425
2006-07-13,15.0439
2006-07-12,16.0338
2006-07-11,17.1338
2006-07-10,18.9062
2006-07-07,20.0810
2006-07-06,20.3977
2006-07-05,19.8851
2006-07-04,19.3156
2006-07-03,20.1611
2006-06-30,21.1006
2006-06-29,20.3194
2006-06-28,22.2436
2006-06-27,24.1066
2006-06-26,26.6411
2006-06-23,29.4572
2006-06-22,31.5799
2006-06-21,34.8585
2006-06-20,37.0415
2006-06-19,39.5070
2006-06-16,42.4776
2006-06-15,46.3660
2006-06-14,48.1961
2006-06-13,45.7462
2006-06-12,43.4234
2006-06-09,41.7748
2006-06-08,39.4563
2006-06-07,36.8801
2006-06-06,36.3701
2006-06-05,36.1999
2006-06-02,36.7554
2006-06-01,36.9203
2006-05-31,35.9090
2006-05-30,33.8991
2006-05-29,32.7544
2006-05-26,31.9147
2006-05-25,30.2803
2006-05-24,26.8024
2006-05-23,23.4758
2006-05-22,19.7797
2006-05-19,15.6728
2006-05-18,13.0029
2006-05-17,11.9758
2006-05-16,12.3940
2006-05-15,11.9140
2006-05-12,13.1172
2006-05-11,13.4112
2006-05-10,14.3008
2006-05-09,15.6342
2006-05-08,17.1157
2006-05-05,17.7792
2006-05-04,19.0094
2006-05-03,20.3763
2006-05-02,22.3804
2006-04-28,23.7638
2006-04-27,22.4322
2006-04-26,24.6790
2006-04-25,25.5788
2006-04-24,27.9879
2006-04-21,30.6647
2006-04-20,30.4212
2006-04-19,30.8464
2006-04-18,29.9191
2006-04-17,30.0869
2006-04-13,31.6121
2006-04-12,33.6749
2006-04-10,34.4093
2006-04-07,34.4584
2006-04-05,34.5130
2006-04-04,29.9827
2006-04-03,25.3265
2006-03-31,23.1082
2006-03-30,20.6434
2006-03-29,17.9047
2006-03-28,18.8089
2006-03-27,18.2564
2006-03-24,17.6107
2006-03-23,16.8934
2006-03-22,16.9644
2006-03-21,18.7215
2006-03-20,20.6738
2006-03-17,19.7984
2006-03-16,19.5530
2006-03-14,18.9553
2006-03-13,18.2912
2006-03-10,17.6966
2006-03-09,18.7745
2006-03-08,20.5229
2006-03-07,22.2901
2006-03-06,23.1435
2006-03-03,21.6833
2006-03-02,20.0608
2006-03-01,18.8972
2006-02-28,18.9553
2006-02-27,20.4047
2006-02-24,22.1347
2006-02-23,22.0893
2006-02-22,22.9983
2006-02-21,25.4693
2006-02-20,28.0321
2006-02-17,30.8797
2006-02-16,30.6629
2006-02-15,30.6666
2006-02-14,31.2979
2006-02-13,31.7970
2006-02-10,31.5719
2006-02-08,29.3862
2006-02-07,26.9577
2006-02-06,24.2593
2006-02-03,23.2316
2006-02-02,23.5357
2006-02-01,22.4374
2006-01-31,20.6453
2006-01-30,19.2538
2006-01-27,19.7046
2006-01-25,20.2055
2006-01-24,20.9517
2006-01-23,21.9530
2006-01-20,23.6082
2006-01-19,26.0283
2006-01-18,28.4309
2006-01-17,31.4205
2006-01-16,31.9062
2006-01-13,33.2341
2006-01-12,34.7096
2006-01-10,36.3490
2006-01-09,33.7304
2006-01-06,30.6258
2006-01-05,27.1763
2006-01-04,25.1889
2006-01-03,23.7077
2006-01-02,23.3738
2005-12-30,23.4462
2005-12-29,24.3845
2005-12-28,25.4271
2005-12-27,26.5855
2005-12-26,29.2965
2005-12-23,31.4397
2005-12-22,30.4198
2005-12-21,27.8971
2005-12-20,25.1566
2005-12-19,22.4189
2005-12-16,21.5107
2005-12-15,21.2604
2005-12-14,18.5209
2005-12-13,16.2001
2005-12-12,15.8704
2005-12-09,15.8845
2005-12-08,17.1089
2005-12-07,18.4694
2005-12-06,19.9810
2005-12-05,21.8028
2005-12-02,24.0694
2005-12-01,24.9335
2005-11-30,27.3099
2005-11-29,28.3593
2005-11-28,30.1476
2005-11-25,30.0640
2005-11-24,30.4157
2005-11-23,30.8065
2005-11-22,32.0924
2005-11-21,33.5212
2005-11-18,34.6626
2005-11-17,33.1356
2005-11-16,32.0031
2005-11-14,30.7449
2005-11-11,30.6212
2005-11-10,32.6604
2005-11-09,34.3510
2005-11-08,36.4817
2005-11-07,38.2612
2005-11-02,38.5823
2005-10-31,38.1949
2005-10-28,36.8345
2005-10-27,34.2874
2005-10-26,32.3882
2005-10-25,30.6099
2005-10-24,28.6340
2005-10-21,26.9797
2005-10-20,24.5230
2005-10-19,22.8336
2005-10-18,20.9566
2005-10-17,20.5498
2005-10-14,18.6577
2005-10-13,17.6883
2005-10-11,18.6149
2005-10-10,19.6445
2005-10-07,21.7447
2005-10-06,22.6969
2005-10-05,24.6957
2005-10-04,24.5038
2005-10-03,24.2905
2005-09-30,26.3114
2005-09-29,27.1066
2005-09-28,27.9902
2005-09-27,29.1270
2005-09-26,31.2085
2005-09-23,34.2682
2005-09-22,37.6679
2005-09-21,39.3836
2005-09-20,36.4434
2005-09-19,33.1766
2005-09-16,30.9542
2005-09-15,29.7833
2005-09-14,29.0493
2005-09-13,28.5831
2005-09-12,28.2916
2005-09-09,29.1865
2005-09-08,30.1936
2005-09-06,32.2436
2005-09-05,31.8269
2005-09-02,30.8339
2005-09-01,29.7306
2005-08-31,27.7829
2005-08-30,26.5180
2005-08-29,25.4172
2005-08-26,23.5761
2005-08-25,21.6531
2005-08-24,20.2064
2005-08-23,18.5990
2005-08-22,18.1807
2005-08-19,18.3437
2005-08-18,18.0859
2005-08-17,19.0861
2005-08-16,20.5796
2005-08-12,22.2391
2005-08-11,23.3628
2005-08-10,24.6113
2005-08-09,25.1888
2005-08-08,24.7236
2005-08-05,24.5168
2005-08-04,25.6403
2005-08-03,27.3540
2005-08-02,28.8971
2005-08-01,30.3223
2005-07-29,32.1947
2005-07-27,34.6334
2005-07-26,36.0322
2005-07-25,34.8984
2005-07-22,33.6386
2005-07-21,36.2881
2005-07-20,37.0240
2005-07-19,37.8417
2005-07-18,39.9796
2005-07-15,42.7688
2005-07-14,45.1730
2005-07-13,47.4497
2005-07-12,48.2386
2005-07-11,46.6457
2005-07-08,43.6249
2005-07-07,40.7950
2005-07-06,37.6506
2005-07-05,34.7843
2005-07-04,32.4098
2005-07-01,29.9017
2005-06-30,27.4605
2005-06-29,24.7479
2005-06-28,24.9142
2005-06-27,26.5067
2005-06-24,26.9502
2005-06-23,29.5074
2005-06-22,31.9197
2005-06-21,32.0316
2005-06-20,30.3998
2005-06-17,29.3510
2005-06-16,28.1856
2005-06-15,27.1301
2005-06-14,25.9572
2005-06-13,24.9689
2005-06-10,25.0146
2005-06-09,23.8211
2005-06-08,21.8935
2005-06-07,18.3700
2005-06-06,14.5083
2005-06-03,14.7552
2005-06-02,15.5186
2005-06-01,15.6944
2005-05-31,15.0411
2005-05-30,14.3586
2005-05-27,13.6002
2005-05-26,13.2021
2005-05-25,12.7597
2005-05-24,12.0254
2005-05-23,10.8885
2005-05-20,10.9084
2005-05-19,11.6615
2005-05-18,12.2572
2005-05-17,12.7252
2005-05-16,12.8160
2005-05-13,13.5455
2005-05-12,14.6160
2005-05-11,16.0367
2005-05-10,16.9423
2005-05-09,17.9236
2005-05-06,19.1933
2005-05-05,19.8430
2005-05-04,19.7716
2005-05-03,20.1549
2005-05-02,20.5887
2005-04-29,21.3635
2005-04-28,20.1055
2005-04-27,19.3254
2005-04-26,19.2517
2005-04-25,19.3837
2005-04-22,19.5305
2005-04-21,19.6935
2005-04-20,19.8313
2005-04-19,20.8710
2005-04-18,20.0619
2005-04-15,18.0831
2005-04-13,17.5867
2005-04-12,18.4619
2005-04-11,20.0629
2005-04-08,21.8417
2005-04-07,23.5046
2005-04-06,24.2506
2005-04-05,26.6206
2005-04-04,29.2539
2005-04-01,31.0526
2005-03-31,32.9649
2005-03-30,33.8908
2005-03-29,32.8876
2005-03-28,31.7730
2005-03-24,30.9597
2005-03-23,30.0561
2005-03-22,30.4020
2005-03-21,33.2433
2005-03-18,36.0892
2005-03-17,39.7318
2005-03-16,43.1291
2005-03-15,44.1165
2005-03-14,46.0112
2005-03-11,45.6343
2005-03-10,43.7152
2005-03-09,40.1219
2005-03-08,36.3443
2005-03-07,32.1470
2005-03-04,28.4483
2005-03-03,25.4667
2005-03-02,23.1530
2005-03-01,20.6396
2005-02-28,17.7767
2005-02-25,14.5958
2005-02-24,13.4455
2005-02-23,12.1971
2005-02-22,12.7659
2005-02-21,13.9208
2005-02-18,15.2041
2005-02-17,16.3645
2005-02-16,18.1479
2005-02-15,20.1297
2005-02-14,21.5428
2005-02-11,21.8013
2005-02-10,21.8248
2005-02-09,20.6158
2005-02-08,19.0753
2005-02-07,18.8563
2005-02-04,18.9409
2005-02-03,17.1154
2005-02-02,15.3638
2005-02-01,14.0316
