Date,Open,High,Low,Close,Adj Close,Volume,RSI,SMA,EMA,DEMA,DX,ADX
2022-01-24,4690.0,4710.7998046875,4462.25,4498.14990234375,4471.58349609375,737762,,,4498.14990234375,4498.14990234375,,
2022-01-25,4415.0,4535.0,4250.10009765625,4486.0,4459.50537109375,917284,,,4495.940829190341,4494.133405701188,,
2022-01-27,4427.0,4427.0,4150.0,4292.25,4266.8994140625,1244330,,,4458.906132973915,4427.126216851169,,
2022-01-28,4346.0,4565.0,4335.25,4478.60009765625,4452.1494140625,932049,,,4462.4868538252485,4439.414784966821,,
2022-01-31,4584.0,4584.0,4358.0498046875,4457.35009765625,4431.0244140625,934551,,,4461.552898158157,4441.911605364551,,
2022-02-01,4478.7998046875,4532.25,4444.0,4512.0498046875,4485.4013671875,548762,,,4470.734153890765,4462.175941749948,,
2022-02-02,4530.0,4683.0,4520.64990234375,4666.2998046875,4638.740234375,676206,,,4506.291544944716,4528.381782237281,,
2022-02-03,4667.9501953125,4704.75,4602.7998046875,4642.7998046875,4615.37890625,777217,,,4531.111228534313,4569.492072892446,,
2022-02-04,4640.0,4794.0,4601.75,4687.89990234375,4660.212890625,829635,,,4559.618260136029,4614.344704103178,,
2022-02-07,4687.39990234375,4724.5498046875,4450.0498046875,4475.14990234375,4448.71923828125,597040,,,4544.260376901069,4576.471017500134,,
2022-02-08,4497.5,4529.7001953125,4380.0,4399.5,4373.5166015625,628869,,,4517.9403083736015,4522.759867341271,,
2022-02-09,4514.7001953125,4587.0,4430.0498046875,4577.25,4550.21630859375,842211,,,4528.72388866931,4541.490093521166,,
2022-02-10,4576.0498046875,4623.0,4528.10009765625,4590.64990234375,4563.537109375,487802,,,4539.983163882845,4559.640374845437,,
2022-02-11,4610.0,4613.4501953125,4476.4501953125,4514.89990234375,4488.234375,572726,,,4535.422570875736,4547.774349202949,,
2022-02-14,4479.10009765625,4678.0,4402.75,4486.35009765625,4459.853515625,1094132,49.5372316346089,,4526.500303017647,4529.3062661287495,12.574723002283841,
2022-02-15,4530.0,4675.0,4501.89990234375,4663.39990234375,4635.857421875,791080,56.16057066927757,,4551.391139258756,4574.052156910567,12.574723002283847,
2022-02-16,4695.0,4724.0,4555.0498046875,4584.7998046875,4557.72119140625,584166,61.042523140792206,,4557.465442063982,4580.976158801557,7.366048336038185,
2022-02-17,4584.0,4667.5,4550.0,4564.7001953125,4537.74072265625,520450,53.716329240002395,,4558.7808517455305,4579.0931369975415,7.839303409421889,
2022-02-18,4504.0,4592.7998046875,4462.5498046875,4471.5498046875,4445.14013671875,388145,50.577078703003195,,4542.920661371343,4546.563284453199,15.85639909508178,
2022-02-21,4471.0,4524.9501953125,4390.64990234375,4426.64990234375,4400.50537109375,392246,46.50141519362175,,4521.780523366326,4507.46437479283,21.87394501927016,
2022-02-22,4327.0,4605.5498046875,4300.0,4576.0498046875,4549.02294921875,833525,46.28797811668542,,4531.647665424721,4528.007569185093,28.788615268604357,
2022-02-23,4595.0,4735.0,4590.5,4610.7998046875,4583.568359375,755051,48.69591848990132,,4546.038963472499,4554.835401315531,13.35910817263914,
2022-02-24,4425.0,4535.0,4351.0498046875,4381.9501953125,4356.0703125,814710,39.155715323338256,,4516.204641988863,4498.991828101097,30.05248006052478,
2022-02-25,4570.0,4747.60009765625,4465.75,4633.4501953125,4606.08447265625,1187316,55.460893116391425,,4537.522015320433,4540.880291228999,9.820534212781029,
2022-02-28,4615.0,4826.0,4571.2001953125,4802.7998046875,4774.43408203125,1617666,63.06784343396886,,4585.7543406599,4627.964832590109,3.430483349040877,
2022-03-02,4827.0,4903.9501953125,4780.2001953125,4861.25,4832.53857421875,1194676,59.97330544054302,,4635.844460539917,4711.363142930103,2.635586208027573,
2022-03-03,4880.0,4969.0,4875.0498046875,4917.7998046875,4888.7548828125,930907,61.150692031790335,,4687.1090685667505,4790.840851635221,7.51047649763056,
2022-03-04,4880.0,4889.39990234375,4732.2001953125,4747.25,4719.2119140625,738388,57.43876848833743,,4698.043783372796,4791.861827088309,3.871894096759109,12.682451409313368
2022-03-07,4620.0,4732.7998046875,4583.85009765625,4664.35009765625,4636.8017578125,643012,55.507071858937266,,4691.91765869706,4763.665592456879,14.049042694584863,12.780065072547046
2022-03-08,4660.0,4740.0,4595.39990234375,4722.25,4694.35986328125,670238,51.96566400242547,,4697.432629843049,4760.647733856891,13.421400890912091,12.825874773858834
2022-03-09,4779.0,4814.89990234375,4694.0,4710.9501953125,4683.12744140625,447387,54.411968825971584,,4699.890369019312,4753.622695265763,6.8348961710893095,12.397947730803866
2022-03-10,4805.60009765625,4819.0,4745.0,4769.7001953125,4741.52978515625,363906,56.98086117359289,,4712.583064708982,4766.930809929445,6.4704053963391654,11.974551849770673
2022-03-11,4748.0,4863.0,4735.25,4854.10009765625,4825.43115234375,436703,63.105098435133776,,4738.313434335758,4803.831891938044,2.431621506684337,11.292913968121649
2022-03-14,4890.0,5016.5498046875,4864.0498046875,4923.5,4894.4208984375,626924,66.73969071738435,,4771.983719001983,4853.138144494402,10.349158337733058,11.225502851665322
2022-03-15,4949.9501953125,4999.0,4700.0,4812.9501953125,4784.5244140625,686998,58.19613544992103,,4779.432169240259,4851.9254312017365,3.50385919182883,10.673956875962716
2022-03-16,4893.60009765625,4957.14990234375,4832.2001953125,4943.64990234375,4914.4521484375,477521,60.79876951555092,,4809.289938895439,4893.031692036341,3.5038591918288406,10.161807041381724
2022-03-17,4947.0,4998.0,4824.89990234375,4839.89990234375,4811.31494140625,852493,66.16999689552486,,4814.855386795131,4887.924914919255,0.1173383245838108,9.444344990181873
2022-03-21,4875.0,4914.89990234375,4755.0498046875,4767.39990234375,4739.2431640625,509842,55.41409619739298,,4806.22711689488,4858.951782714412,5.942325218176815,9.19420072075294
2022-03-22,4798.0,4828.0,4471.85009765625,4677.60009765625,4649.9736328125,1255679,44.59178299830303,,4782.84038612422,4806.844151164205,25.603239387922166,10.366274911265027
2022-03-23,4697.5,4716.0498046875,4595.60009765625,4608.2001953125,4580.98388671875,896055,39.171556292420775,,4751.087624158452,4744.747535764631,25.603239387922144,11.454629516740535
2022-03-24,4599.9501953125,4685.0,4558.60009765625,4628.5498046875,4601.21337890625,719101,37.22672543375796,,4728.8080206182785,4705.3919090359195,27.887258667260873,12.628388741777702
2022-03-25,4670.0,4764.0,4622.39990234375,4683.2001953125,4655.54052734375,968364,46.84902205363179,,4720.5156887445,4694.572416825842,19.454706152826393,13.115982842566893
2022-03-28,4712.7998046875,4720.0,4600.0498046875,4658.60009765625,4631.0859375,524802,49.69992155817256,,4709.258308546636,4678.821411360391,21.040952711969062,13.682052118952763
2022-03-29,4685.89990234375,4697.5,4599.0498046875,4613.75,4586.50048828125,778391,44.259226725407785,,4691.893161538156,4652.782398106109,21.11580856425123,14.213034722188368
2022-03-30,4677.0,4693.7001953125,4579.64990234375,4614.7998046875,4587.54443359375,4839707,44.856851296020714,,4677.876187565309,4634.408038779487,22.647884470799763,14.815523989946325
2022-03-31,4625.0,4634.7001953125,4500.85009765625,4516.10009765625,4489.427734375,1225845,36.99084505019424,,4648.462353036389,4588.831639415236,28.70492031789766,15.807623727657134
2022-04-01,4558.0,4558.0,4455.10009765625,4506.89990234375,4480.28125,827880,30.700330313062963,,4622.723725637727,4552.876082985151,32.032583423310854,16.96654942020383
2022-04-04,4557.0,4583.2998046875,4499.0,4564.9501953125,4537.9892578125,619577,29.81482014038363,,4612.219447396776,4546.4769666657085,28.46179168535,17.787638153428556
2022-04-05,4605.0,4605.0,4542.14990234375,4554.25,4527.3525390625,487075,33.59129268791155,,4601.679547870089,4539.266691295563,25.330867132938213,18.32644022339353
2022-04-06,4567.0,4609.0,4498.14990234375,4511.75,4485.10302734375,653418,19.154460798448653,,4585.328720984618,4520.88570724462,29.103933831574935,19.096261195406488
2022-04-07,4531.0,4583.7001953125,4490.0,4536.5,4509.70703125,413722,25.575660951377742,,4576.450771714687,4516.460892888383,29.811397887170344,19.86162810196105
2022-04-08,4574.0,4628.5,4514.0,4606.14990234375,4578.9453125,685882,36.959164217049334,,4581.850613647243,4537.186038006905,22.57074912170754,20.05513674622866
2022-04-11,4607.0,4686.64990234375,4575.5,4662.14990234375,4634.6142578125,652187,48.678192700813355,,4596.450484319335,4571.852089345316,13.705258843795754,19.601574038912023
2022-04-12,4669.0,4682.0,4594.5498046875,4626.2998046875,4598.9765625,574409,51.642725759441355,,4601.877633477183,4586.192068718497,13.705258843795756,19.180408667832292
2022-04-13,4629.0,4764.0,4629.0,4744.4501953125,4716.42919921875,812061,58.93325781748081,,4627.79991744724,4636.175414983816,1.6777403603967078,17.930218074444035
2022-04-18,4724.5,4744.4501953125,4518.0,4554.5,4527.6005859375,579482,41.79210890184086,,4614.472659729559,4610.421219581383,14.813627714134261,17.70760447727905
2022-04-19,4594.0,4870.0,4583.39990234375,4816.35009765625,4787.90380859375,1713344,57.72334262068873,,4651.177648443503,4677.894188179132,1.2556884896866505,16.53246762102245
2022-04-20,4806.0,4850.0,4731.39990234375,4780.9501953125,4752.71337890625,777140,58.26251377473992,,4674.772656965139,4715.936650993809,1.25568848968664,15.441269111641322
2022-04-21,4840.0,4903.64990234375,4770.10009765625,4885.25,4856.3974609375,771623,62.127263684967026,,4713.041264789658,4778.031575396814,7.660601830257893,14.885507162971077
2022-04-22,4849.9501953125,4860.0,4788.0,4813.7001953125,4785.27001953125,381911,63.67770828263418,,4731.342888521083,4799.4908347981045,7.6606018302578915,14.369442496348707
2022-04-25,4765.60009765625,4765.60009765625,4608.35009765625,4676.0498046875,4648.4326171875,421185,56.95319043084769,,4721.289600551341,4768.821593711843,14.002251909379163,14.343214597279454
2022-04-26,4733.0,4741.0,4601.0,4624.0498046875,4596.740234375,548203,52.44154551807711,,4703.609637667007,4728.03402607478,14.757976272475013,14.372840431221993
2022-04-27,4620.0,4658.9501953125,4500.0,4522.9501953125,4496.2373046875,476441,48.796797704014196,,4670.762466329824,4663.871098478489,24.567497429938033,15.101030216844567
2022-04-28,4580.0,4603.0,4505.0498046875,4537.85009765625,4511.04931640625,552600,51.02507496408052,,4646.596581116447,4621.186101336229,24.567497429938022,15.777206446351242
2022-04-29,4545.0,4596.0,4431.0,4454.35009765625,4428.04248046875,465103,46.91595147660885,,4611.642675032775,4562.253632053228,31.290774652497277,16.885318461075958
2022-05-02,4440.0,4440.0,4290.0,4304.75,4279.32568359375,568610,39.32569063166578,,4555.844006844997,4469.781334071732,41.90815863618913,18.672664187869753
2022-05-04,4302.5,4325.35009765625,3996.050048828125,4013.300048828125,3989.59716796875,1729814,30.30507421332564,,4457.199650841929,4306.075718206747,56.87091692212643,21.40111081174523
2022-05-05,4042.0,4054.14990234375,3930.0,3949.10009765625,3925.776611328125,1122769,29.79232778466897,,4364.817913899078,4165.586002426143,59.401337319228944,24.115412705136926
2022-05-06,3898.64990234375,3898.64990234375,3791.050048828125,3827.35009765625,3804.745361328125,891448,22.69234374974863,,4267.096492764018,4024.1346751756582,64.16460113791486,26.976069021763923
2022-05-09,3805.0,3807.949951171875,3739.64990234375,3766.35009765625,3744.105712890625,521295,24.579904786180805,,4176.051693653514,3902.7735527180803,65.76473826471037,29.746688253402958
2022-05-10,3770.0,3782.699951171875,3661.800048828125,3686.89990234375,3665.124755859375,836241,8.714413884027692,,4087.115004324466,3790.757415926254,68.0888925865802,32.48541713434419
2022-05-11,3709.89990234375,3734.89990234375,3619.64990234375,3679.64990234375,3657.91748046875,524764,8.89751868192947,,4013.030440327972,3709.941406550485,69.30395800636812,35.115312910917325
2022-05-12,3650.0,3650.0,3541.449951171875,3580.85009765625,3559.701416015625,717916,1.1167750584572076,,3934.4521962058407,3622.1789688334266,71.47410495434262,37.7123694854477
2022-05-13,3601.89990234375,3712.89990234375,3530.0,3547.800048828125,3526.846435546875,957908,1.1499584047516294,,3864.1518057735284,3551.1370275696618,61.57901190018917,39.41712965792924
2022-05-16,3581.0,3707.89990234375,3553.050048828125,3686.75,3664.975830078125,600622,11.861995574814898,,3831.896931996523,3549.4035803758097,61.57901190018917,41.00012124666209
2022-05-17,3712.0,3832.949951171875,3678.050048828125,3813.14990234375,3790.629150390625,843357,20.435312609295096,,3828.4883811505642,3594.568642768742,42.604992920387275,41.114754937642466
2022-05-18,3822.0,3842.0,3725.0,3735.0,3712.94091796875,427461,20.78311596301336,,3811.490493668643,3606.19425432558,41.31167832938686,41.12882089419564
2022-05-19,3609.60009765625,3717.85009765625,3609.60009765625,3631.800048828125,3610.350341796875,572640,18.468759289258387,,3778.8195036976394,3584.1190433497673,47.81126072705878,41.60613802511443
2022-05-20,3695.0,3695.0,3586.0,3668.0,3646.336669921875,692428,21.702832043764346,,3758.670503025341,3582.8845803724744,49.05387953901916,42.13811956182191
2022-05-23,3668.0,3764.64990234375,3666.0,3716.949951171875,3694.997314453125,401917,27.195833639020194,,3751.0849481428922,3601.0537392503616,38.567762115024955,41.883094029907845
2022-05-24,3740.0,3740.0,3613.5,3631.64990234375,3610.201416015625,471324,32.374265057988936,,3729.369485270321,3588.849481098874,41.88649267568195,41.883336790320286
2022-05-25,3650.25,3673.949951171875,3486.14990234375,3524.300048828125,3503.4853515625,370431,31.13340391152697,,3692.0841331899214,3546.60702352932,49.073442902146695,42.39691579830788
2022-05-26,3386.0,3709.0,3361.550048828125,3662.800048828125,3641.167236328125,1730687,42.798998848297224,,3686.759754215049,3563.376718058752,54.94452382800606,43.293173514714894
2022-05-27,3700.0,3880.0,3573.0,3861.75,3838.942138671875,1733752,53.72510427798666,,3718.576162539585,3643.658012495417,32.38740259825663,42.51418987782501
2022-05-30,3890.0,3915.550048828125,3820.449951171875,3891.949951171875,3868.963623046875,666686,58.32690723479627,,3750.0986695636375,3714.593143456271,28.20858585230399,41.49236101885922
2022-05-31,3855.0,3999.800048828125,3839.050048828125,3979.300048828125,3955.798095703125,1361696,61.42527019533246,,3791.771647611726,3796.8177446541354,18.65009871421302,39.86077085424164
2022-06-01,3939.550048828125,3989.75,3790.050048828125,3839.0,3816.326416015625,794887,59.54095690586953,,3800.35862077323,3811.512950940068,22.279368273043662,38.604956384156075
2022-06-02,3845.0,3845.0,3623.75,3645.25,3623.720703125,1891062,53.21924715453882,,3772.157053359915,3758.2093137946163,33.17564127045906,38.217148161749144
2022-06-03,3689.0,3693.949951171875,3546.35009765625,3588.800048828125,3567.604248046875,1305662,46.57768373216909,,3738.819416172317,3700.1313806472194,37.56312511626274,38.170432229928686
2022-06-06,3580.10009765625,3649.89990234375,3542.10009765625,3633.699951171875,3612.239013671875,561188,43.351486449401904,,3719.706786172236,3672.4153325607276,37.80460012792455,38.14430136549982
2022-06-07,3633.699951171875,3633.699951171875,3525.0,3609.300048828125,3587.9833984375,490554,45.149716237750766,,3699.632833927852,3644.515683682122,38.82969956655761,38.19325837986109
2022-06-08,3600.0,3645.0,3557.0,3636.199951171875,3614.72412109375,342056,50.18039228954115,,3688.099582517674,3633.5674357082953,37.2201951350631,38.12375386237552
2022-06-09,3624.800048828125,3680.64990234375,3561.0,3670.050048828125,3648.37451171875,483671,50.08421107429602,,3684.817849119574,3637.5155834952734,32.0200853806071,37.6877775422492
2022-06-10,3620.5,3715.0,3595.5,3700.5,3678.644287109375,624657,49.31380322783552,,3687.6691492796513,3651.300177536196,27.025054446859325,36.92615446400707
2022-06-13,3649.0,3678.050048828125,3592.0,3651.89990234375,3630.33154296875,523342,50.8713686806933,,3681.16564983676,3646.088173411568,27.32676978506312,36.24048412979679
2022-06-14,3628.199951171875,3757.85009765625,3622.75,3706.199951171875,3684.31103515625,655865,58.20182644235305,,3685.717340988599,3660.7416984922193,15.592083170917077,34.76559834701967
2022-06-15,3737.949951171875,3756.10009765625,3645.89990234375,3722.699951171875,3700.71337890625,466405,53.034753319986606,,3692.4414519310126,3677.508380659586,15.592083170917068,33.39606154872663
2022-06-16,3745.0,3775.0,3647.0,3663.64990234375,3642.01220703125,678602,38.30577945667778,,3687.206624733328,3670.705616894965,12.738120204017925,31.920494309818867
2022-06-17,3600.0,3724.0,3556.10009765625,3701.25,3679.39013671875,768620,38.84012738322557,,3689.7599656909047,3678.3482382429884,22.632071165799125,31.25703551381746
2022-06-20,3700.0,3825.0,3682.89990234375,3811.699951171875,3789.187744140625,673219,40.45011933922342,4317.362495117188,3711.93087214199,3720.733836780947,7.982015969831474,29.594534117818462
2022-06-21,3849.949951171875,3869.0,3794.050048828125,3808.199951171875,3785.708251953125,596024,47.92087756433721,4310.462995605469,3729.4343410565143,3750.957786691181,2.251160828858521,27.641436025749897
2022-06-22,3789.050048828125,3807.75,3713.25,3787.75,3765.379150390625,359601,62.5573130177,4303.480495605469,3740.0371881371475,3766.3223367223927,11.536073851430805,26.491053013298533
2022-06-23,3761.800048828125,3857.0,3723.14990234375,3850.5,3827.758544921875,646244,72.80812605522621,4299.062995605469,3760.121335748575,3798.05985081858,4.9898217747152795,24.955250781971156
2022-06-24,3902.0,3922.0,3762.0,3838.39990234375,3815.72998046875,1024811,68.92219845561985,4292.660993652344,3774.3538024022428,3817.039151085248,3.09405350780228,23.393736690959095
2022-06-27,3849.0,3870.0,3775.0,3794.5,3772.08935546875,708737,66.52391624646447,4286.032492675781,3778.0167474200166,3815.9380786297447,3.094053507802286,21.943759320733612
2022-06-28,3759.050048828125,3846.64990234375,3722.89990234375,3837.35009765625,3814.6865234375,463753,67.45037681322455,4279.285495605469,3788.80462928115,3828.6576217936736,3.7921146311232667,20.647213271475728
2022-06-29,3767.199951171875,3817.949951171875,3695.0,3713.0,3691.070556640625,567477,53.220343352539416,4269.752497558594,3775.0219694118496,3796.352241574487,7.360636784135026,19.698172093808534
2022-06-30,3714.0,3765.5,3656.39990234375,3683.5,3661.744873046875,534241,48.72354612973728,4260.159499511718,3758.3816113369676,3762.2188137724042,12.212206380271102,19.163460257127287
2022-07-01,3680.0,3745.0,3635.199951171875,3736.14990234375,3714.083740234375,316894,56.287764731154894,4250.6419995117185,3754.33948242911,3754.1718153153115,14.849774280810376,18.85533983024751
2022-07-04,3732.0,3782.800048828125,3700.050048828125,3770.10009765625,3747.833740234375,300790,54.918415500053115,4243.5915014648435,3757.205048834044,3759.412420981337,8.585325866233081,18.12176740424648
2022-07-05,3761.0,3874.75,3761.0,3817.39990234375,3794.85400390625,468762,56.95913314034492,4237.770500488281,3768.1495676539903,3778.910205718095,4.990425895493948,17.183814439335585
2022-07-06,3809.10009765625,3889.550048828125,3783.5,3883.5,3860.56396484375,390568,65.99025138898416,4230.833000488281,3789.1223735350827,3815.086100399335,7.00575124717375,16.45680992560974
2022-07-07,3894.050048828125,3930.0,3868.25,3915.25,3892.12646484375,398354,65.69835566566786,4224.079001464844,3812.0546692559765,3852.060505916551,12.470518732641963,16.172074840397755
2022-07-08,3918.0,3946.0,3910.0,3936.14990234375,3912.902587890625,268377,60.510072526170646,4218.291501464843,3834.6174389082985,3885.8099349824865,14.60808225421441,16.0603610842418
2022-07-11,3935.0,3968.14990234375,3895.050048828125,3933.25,3910.019775390625,199806,60.57148029790655,4212.760500488282,3852.550631834062,3909.1080137431136,17.607845973963958,16.170895719221953
2022-07-12,3900.0,4098.7001953125,3900.0,3929.699951171875,3906.490966796875,1125104,62.3531604328866,4205.4235009765625,3866.577780804573,3924.3287606151243,32.62986809479639,17.346536603191556
2022-07-13,3951.14990234375,3958.949951171875,3861.199951171875,3868.300048828125,3845.45361328125,385514,51.552703751262335,4198.258503417968,3866.8909204452184,3914.397927268925,25.316938036737934,17.915850991302012
2022-07-14,3927.0,3979.300048828125,3880.050048828125,3898.050048828125,3875.02783203125,656393,55.047825530337164,4191.592001953125,3872.5562165148376,3916.0608279730136,27.57258927104757,18.605618011283838
2022-07-15,3898.050048828125,3944.0,3875.0,3931.699951171875,3908.47900390625,318645,61.815360823521246,4186.193503417969,3883.3096228161166,3927.702546437489,26.551110002618582,19.173153153522033
2022-07-18,3940.10009765625,3970.800048828125,3890.14990234375,3947.10009765625,3923.788330078125,291155,59.92045538801973,4181.398005371094,3894.907890968868,3940.7188660567876,29.765137687052327,19.929723477345625
2022-07-19,3944.39990234375,4032.949951171875,3923.39990234375,4020.199951171875,3996.456298828125,412946,80.60375663400269,4175.839506835938,3917.6882655512322,3973.8084607360106,36.68446975352167,21.126491068501057
2022-07-20,4090.0,4141.7001953125,4030.050048828125,4110.25,4085.974609375,753440,87.93674926981944,4170.834008789063,3952.6994899964625,4027.2615606028335,46.598290678017996,22.945905326323693
2022-07-21,4112.0,4169.85009765625,4096.35009765625,4150.0498046875,4125.5390625,542974,87.65469557341089,4168.515004882813,3988.581365394833,4078.9445939441675,48.83167447923134,24.79488883724567
2022-07-22,4150.2001953125,4169.60009765625,4089.949951171875,4125.2998046875,4100.935546875,378496,82.86460773705133,4163.433500976563,4013.439263448045,4107.711094304674,47.32306561325551,26.40404432124637
2022-07-25,4144.0,4252.89990234375,4138.0498046875,4189.89990234375,4165.15380859375,1127478,83.39615878163254,4157.304501953125,4045.523015974537,4148.904856924364,53.87614776284116,28.366337424217427
2022-07-26,4185.0,4188.9501953125,4088.0,4110.2001953125,4085.925048828125,363638,69.84079287598094,4149.79400390625,4057.2825031268935,4151.489044301407,42.41265917885005,29.369646120976903
2022-07-27,4112.0,4136.9501953125,4022.0,4125.60009765625,4101.234375,440198,68.95224995817921,4141.872006835937,4069.703883950413,4156.944911039713,28.787390558036215,29.328056437909712
2022-07-28,4149.0,4206.0,4135.0,4190.5,4165.75048828125,364711,71.2330772375442,4136.304506835938,4091.666814141247,4181.015506461357,35.716813593514004,29.78439623473859
2022-07-29,4206.0,4252.7998046875,4187.0,4212.2998046875,4187.421875,333278,72.58242939804647,4131.78400390625,4113.6000851496565,4204.648964236627,39.97970776041267,30.51263277228674
2022-08-01,4240.0,4293.75,4190.0,4288.10009765625,4262.7744140625,311325,75.96732182683743,4127.4425048828125,4145.327360150855,4245.780577132085,43.50972987834812,31.440996851291125
2022-08-02,4311.0,4348.25,4270.9501953125,4325.89990234375,4300.3505859375,440869,84.32865904257122,4123.592001953125,4178.158731458654,4287.209758240587,47.90140812528322,32.61674051371914
2022-08-03,4325.9501953125,4386.75,4280.10009765625,4310.0498046875,4284.59423828125,367949,81.56612051388389,4118.995498046875,4202.138926591171,4310.982653612085,50.81063119798493,33.91630413402384
2022-08-04,4322.9501953125,4409.0,4310.0,4395.7998046875,4369.83740234375,358472,82.92897385301566,4114.412495117187,4237.349995335958,4355.2130100533495,52.46274186729156,35.2410496864001
2022-08-05,4395.7998046875,4422.0,4335.0,4374.10009765625,4348.26611328125,207510,80.02824137672566,4108.91849609375,4262.213650303283,4378.990016408961,53.44656634881395,36.54144373371538
2022-08-08,4388.9501953125,4474.5498046875,4380.0498046875,4427.35009765625,4401.20166015625,445755,79.45465509258518,4105.062495117188,4292.238458912913,4412.348510952711,57.294111261976624,38.023777128591185
2022-08-10,4438.89990234375,4625.9501953125,4397.10009765625,4517.14990234375,4490.47119140625,867000,79.44721313806342,4100.797495117187,4333.131448627611,4464.861210063106,66.0101923032087,40.022806783921006
2022-08-11,4539.60009765625,4552.5,4418.0,4429.64990234375,4403.48828125,446510,68.92781401770151,4096.694995117187,4350.680258394181,4472.817271195871,66.01019230320868,41.87904860672727
2022-08-12,4350.0498046875,4394.7998046875,4276.10009765625,4312.75,4287.27880859375,1412625,61.282032634826486,4092.14849609375,4343.7838477770565,4438.071613200793,35.86798243016291,41.44968673697267
2022-08-16,4350.0,4381.5498046875,4206.89990234375,4349.39990234375,4323.7119140625,596342,59.93402544514316,4088.866494140625,4344.804948607364,4422.784930087946,24.03996691580482,40.206135321174976
2022-08-17,4349.0,4370.0498046875,4285.85009765625,4305.75,4280.31982421875,502434,62.751897872198676,4085.8419921875,4337.704048860571,4395.69602482458,24.03996691580481,39.051409006505686
2022-08-18,4315.0,4338.60009765625,4250.0,4266.64990234375,4253.056640625,580509,59.805450121286206,4082.2229931640627,4324.78511313024,4361.663055139612,17.874485961910484,37.53877164617746
2022-08-19,4291.0,4309.4501953125,4120.0,4135.35009765625,4122.17529296875,719126,47.40789881853491,4076.7444921875,4290.342383044059,4292.334829163034,1.2865631551947205,34.94932818253584
2022-08-22,4133.0,4133.0,3995.60009765625,4024.89990234375,4012.0771484375,723542,40.56235939701028,4070.407490234375,4242.08011382582,4204.222985835514,15.450162135697514,33.55653060776167
2022-08-23,4024.800048828125,4093.449951171875,3987.85009765625,4070.949951171875,4057.980224609375,497236,38.616415360376074,4064.979489746094,4210.96553879783,4154.534145419224,16.256311987763866,32.32080070633326
2022-08-24,4079.0,4220.0,4077.949951171875,4210.75,4197.3349609375,956039,44.85587496647405,4060.9389916992186,4210.926349925498,4164.723146265639,0.43712382105769504,30.043395214527862
2022-08-25,4215.0,4239.85009765625,4156.7001953125,4168.7998046875,4155.51806640625,414795,43.71803146545045,4057.465988769531,4203.2669780640435,4159.197598092061,2.794903602059065,28.097074385065806
2022-08-26,4207.0,4235.75,4156.2001953125,4215.25,4201.82080078125,342452,41.500697534718654,4054.549489746094,4205.445709325126,4171.171542198025,2.7289117172660196,26.28506276593725
2022-08-29,4100.0,4272.0,4086.0,4251.5,4237.955078125,914112,44.50081958154848,4051.4149877929685,4213.819216720557,4192.6277678491915,6.360409545453918,24.86187325018844
2022-08-30,4251.5,4337.5,4233.2001953125,4322.89990234375,4309.1279296875,848217,45.49194887558709,4049.101486816406,4233.652068652046,4232.540489337602,2.323522544792024,23.251991056945837
2022-09-01,4298.0,4328.9501953125,4244.0,4277.14990234375,4263.5234375,390072,38.392004879069695,4046.755485839844,4241.5607656869015,4247.122043821783,2.3235225447920276,21.757100448934846
2022-09-02,4309.7998046875,4398.0,4284.0,4312.35009765625,4298.611328125,735146,44.334982645299455,4044.513986816406,4254.431553317692,4269.512334398697,11.188843521324767,21.002224954105554
2022-09-05,4282.0,4308.60009765625,4233.0,4282.5498046875,4268.90576171875,522750,48.90525899288948,4041.277985839844,4259.543962657657,4276.0656639111785,3.7022370526320234,19.76651153257173
2022-09-06,4298.89990234375,4422.0,4291.75,4415.5,4401.4326171875,1078704,54.15510238177281,4038.811486816406,4287.8996058108105,4324.6174330526355,17.07275463129422,19.57410032533762
2022-09-07,4379.2001953125,4410.0,4335.0,4376.5,4362.55712890625,396347,54.41790434020764,4036.3134887695314,4304.008768390663,4347.230850972036,17.07275463129423,19.39543277576309
2022-09-08,4400.0,4444.89990234375,4361.0,4414.7998046875,4400.73486328125,562760,57.841526215164976,4033.0169848632813,4324.152593171906,4375.9974264685925,20.988403638083906,19.509216408786006
2022-09-09,4436.89990234375,4474.89990234375,4415.0,4460.35009765625,4446.14013671875,476210,68.91951080968252,4032.0754858398436,4348.915775805423,4411.5950615665,24.29742006179131,19.85123095542924
2022-09-12,4473.0,4501.7998046875,4447.0498046875,4481.60009765625,4467.322265625,331303,79.6673259815901,4028.7279858398438,4373.040197960119,4444.061413527569,27.239912991729565,20.378993958022118
2022-09-13,4520.0,4520.0,4466.2998046875,4490.10009765625,4475.79541015625,309270,78.62453388587392,4025.819484863281,4394.323816086688,4469.84595274543,29.24382713481647,21.01219632779314
2022-09-14,4405.35009765625,4480.0,4405.35009765625,4427.60009765625,4413.494140625,362669,66.55715681302388,4021.2429858398436,4400.374049099335,4467.115078830472,17.56634590329961,20.766064154615034
2022-09-15,4449.75,4459.14990234375,4328.0498046875,4341.85009765625,4328.01708984375,427750,62.38457752393986,4016.524484863281,4389.733330655137,4435.633585344452,4.6517700532657775,19.615043147375797
2022-09-16,4342.0,4363.2998046875,4257.0,4279.75,4266.115234375,458526,54.51489443701916,4012.561486816406,4369.736361445112,4390.929958655441,5.611433651263606,18.614785326224926
2022-09-19,4295.89990234375,4331.0,4226.7001953125,4308.2001953125,4294.474609375,266140,54.01274070828242,4009.4029907226563,4358.547967602819,4366.734043085757,9.679466837723986,17.976548291332
2022-09-20,4316.5,4595.0,4316.5,4559.35009765625,4544.82421875,1173769,63.33987376054298,4009.7669897460937,4395.057445794352,4431.626535164374,21.903112943427054,18.257017195053077
2022-09-21,4556.0,4668.5,4556.0,4604.7998046875,4590.12939453125,1177984,68.49141927639832,4010.436486816406,4433.192420138561,4494.313926813841,28.10980276286718,18.960787592754084
2022-09-22,4569.5498046875,4631.2001953125,4522.2001953125,4608.89990234375,4594.216796875,511789,67.34513436605741,4011.9819848632815,4465.139235084958,4541.286043684513,23.258539197946078,19.267769850267797
2022-09-23,4610.0,4719.0,4382.85009765625,4418.4501953125,4404.37353515625,1205497,56.69131550513236,4013.118986816406,4456.650318762693,4512.006776080476,5.517649841223257,18.28561842105033
2022-09-26,4418.4501953125,4420.4501953125,4191.10009765625,4282.7001953125,4269.05615234375,843901,43.47935261817316,4015.81298828125,4425.023023589931,4444.437792617675,13.031821040249081,17.91034717956453
2022-09-27,4335.0,4354.10009765625,4205.0,4242.9501953125,4229.4326171875,651304,43.447334052116766,4018.7514892578124,4391.918872994034,4380.718469892819,13.031821040249088,17.561881026756286
2022-09-28,4229.0,4295.0,4183.10009765625,4268.9501953125,4255.35009765625,395837,42.75643252574616,4023.167490234375,4369.560931597392,4342.104104280962,15.010822946818475,17.379662592475015
2022-09-29,4297.4501953125,4404.64990234375,4284.9501953125,4391.7001953125,4377.708984375,631907,46.83334997846677,4029.4209912109377,4373.586252272866,4354.41501956663,2.4414836370441604,16.31264980994424
2022-09-30,4352.2001953125,4484.89990234375,4352.2001953125,4383.39990234375,4369.43505859375,761064,45.41550285557735,4036.3859912109374,4375.370552285754,4361.144880082105,5.682817853065899,15.553376098738644
2022-10-03,4385.0,4490.0,4350.9501953125,4365.2001953125,4351.29345703125,454169,44.221348330903844,4043.241494140625,4373.521396472434,4360.369264458553,6.191994187181597,14.884705962198854
2022-10-04,4430.0,4444.5498046875,4365.2001953125,4404.39990234375,4390.3681640625,307009,48.902974813958316,4051.4769921875,4379.135670267219,4372.968331724322,6.191994187181598,14.26379797826905
2022-10-06,4426.4501953125,4450.0,4361.2998046875,4390.5,4376.51220703125,272050,52.46817059448025,4059.9039916992188,4381.201912036816,4377.846469222297,6.815476477848492,13.731775013953296
2022-10-07,4379.60009765625,4433.0,4353.5498046875,4394.10009765625,4380.10107421875,501530,56.16741636024603,4066.9774926757814,4383.547036694895,4382.720412748717,5.739271853098759,13.160881931035115
2022-10-10,4375.0,4420.0,4295.0,4340.60009765625,4326.771484375,207878,51.701505898574354,4072.2519946289062,4375.738502324231,4368.67337279227,2.2717723166321035,12.383088387149186
2022-10-11,4362.35009765625,4362.35009765625,4263.64990234375,4275.5498046875,4261.92822265625,258216,31.475220508347434,4077.657492675781,4357.52237548119,4336.837711174368,6.362501640964001,11.953046476707389
2022-10-12,4280.0,4350.0,4245.0,4287.0498046875,4273.39208984375,621343,28.297331622131253,4084.209990234375,4344.709180791428,4317.301841612405,8.807958506441512,11.728397335974112
2022-10-13,4270.10009765625,4317.9501953125,4236.0,4266.0498046875,4252.458984375,277038,27.11132883268823,4090.19048828125,4330.407476045259,4296.28189465192,10.029091432050182,11.60701834283669
2022-10-14,4301.0,4324.0,4264.0498046875,4297.14990234375,4283.4599609375,254366,39.71339011030551,4095.992487792969,4324.360644463166,4291.492306574177,8.972742465385135,11.418855780161579
2022-10-17,4290.0,4300.5498046875,4221.0498046875,4290.85009765625,4277.1796875,254734,50.88552239806939,4102.584489746094,4318.2678177709995,4286.390501295509,15.204151507359557,11.689234046390007
2022-10-18,4325.0,4377.0,4258.0,4366.0,4352.0908203125,387469,62.4154605607824,4111.001489257813,4326.94639635809,4307.965610813037,1.8539585949402824,10.986714371286455
2022-10-19,4380.0,4405.89990234375,4341.10009765625,4388.75,4374.76806640625,249672,62.16729584029006,4118.260988769532,4338.183415202074,4331.847606083017,2.7346400181546238,10.397280488919895
2022-10-20,4384.0,4393.2998046875,4295.2001953125,4322.5,4308.72900390625,370651,42.06056341669299,4122.868488769531,4335.331885165333,4327.8149713105895,4.615255213804192,9.98427868355449
2022-10-21,4344.14990234375,4430.0,4322.7001953125,4389.0498046875,4375.06689453125,364601,50.571786070510036,4127.839487304687,4345.098779623909,4346.939672845227,1.4554369442730988,9.375075702177245
2022-10-24,4410.2001953125,4435.0,4320.0,4410.14990234375,4396.099609375,30919,54.522505827907914,4132.147985839843,4356.926256482061,4368.109468365265,2.287354474093986,8.868809900171298
2022-10-25,4437.7998046875,4449.89990234375,4372.0,4404.0498046875,4390.0185546875,474364,49.96219417410111,4137.798483886719,4365.494174337595,4381.65418957838,4.864785258291609,8.582808140037034
2022-10-27,4445.0,4499.0,4402.85009765625,4431.85009765625,4417.73095703125,421237,54.32759642456543,4145.664484863281,4377.558887668259,4400.651847408535,13.008056321811786,8.898897295878088
2022-10-28,4454.25,4584.0,4415.0,4567.0,4552.44970703125,691801,64.18831137508883,4155.446484375,4412.00272627403,4459.07828855716,24.979791668376716,10.047532608199418
2022-10-31,4582.10009765625,4625.0,4491.5,4517.5,4503.10791015625,433481,64.61254227330221,4164.284484863281,4431.18404876966,4485.39422722501,29.984963663808323,11.471634826457196
2022-11-01,4577.0,4647.0,4470.0,4511.35009765625,4496.9775390625,866656,71.57759320104172,4173.304985351562,4445.759694021767,4502.0390043278685,32.584085729245714,12.979667033799233
2022-11-02,4512.0,4532.7998046875,4370.0,4383.10009765625,4369.1357421875,643118,57.24191114390751,4180.773986816406,4434.367040137127,4471.092486300141,12.196068212109113,12.923695689392796
2022-11-03,4370.0,4425.0,4349.35009765625,4395.0,4380.99755859375,457168,59.85774724785038,4188.023486328125,4427.209396475831,4451.401234886328,8.48618099859296,12.606730354335665
2022-11-04,4410.0,4410.0,4340.0498046875,4362.60009765625,4348.701171875,669679,54.993489709854835,4194.644487304688,4415.462251235907,4425.644272920922,6.7737585593064225,12.190089511833577
2022-11-07,4384.4501953125,4420.0,4336.4501953125,4363.7998046875,4349.8974609375,356178,55.60939230265091,4201.763486328125,4406.069079136197,4406.714501524173,8.447145715924865,11.922736383554383
2022-11-09,4347.0,4435.0,4344.0,4361.2001953125,4347.30615234375,378028,49.584562461472714,4208.313488769531,4397.911100259161,4391.764463131749,11.026984160150992,11.858754081882712
2022-11-10,4374.5,4377.4501953125,4250.0,4285.4501953125,4271.79736328125,527721,41.81069901317066,4213.940991210938,4377.4636629961315,4355.7048748584975,6.713336307269641,11.49122424083892
2022-11-11,4386.0,4540.0,4330.0498046875,4421.39990234375,4407.31396484375,1685313,57.06026095081435,4221.518491210937,4385.452070150243,4374.185394800089,17.75852880210054,11.938888852357605
2022-11-14,4430.0,4568.0,4425.2001953125,4556.7001953125,4542.18310546875,886587,60.89842058336518,4230.072993164063,4416.588092907017,4432.844831694251,21.114378388389504,12.59428096207417
2022-11-15,4560.0,4629.0,4527.0,4611.9501953125,4597.2568359375,492794,62.560704328758305,4238.075495605469,4452.108475162559,4494.471574197559,28.006622511349878,13.695162501308149
2022-11-16,4605.0,4610.0,4461.0,4479.25,4464.9794921875,499585,54.04347739055588,4244.78599609375,4457.043297860276,4495.741597459771,16.179203613907955,13.872594009350992
2022-11-17,4490.0,4515.9501953125,4370.7001953125,4400.2998046875,4386.28076171875,430622,48.39198995798853,4250.911494140625,4446.726299101589,4469.947363425887,2.257841789309763,13.042968850776619
2022-11-18,4430.0,4449.0,4320.0,4399.14990234375,4385.134765625,385705,40.09208728282952,4256.397993164062,4438.076045145618,4449.997617265159,4.650580610663245,12.443512547911379
2022-11-21,4403.9501953125,4440.0,4341.0,4418.85009765625,4404.7724609375,336664,43.964528783651346,4262.202495117188,4434.580418329369,4441.474373577517,4.650580610663252,11.886874552393653
2022-11-22,4420.9501953125,4480.0,4380.0,4469.7998046875,4455.5595703125,310657,47.59002461570633,4268.955493164062,4440.983943121757,4451.863699518559,1.4419020317894207,11.140805086636208
2022-11-23,4482.2998046875,4616.14990234375,4448.0,4605.2001953125,4590.52880859375,799422,62.776163192066946,4276.633994140625,4470.841443520074,4504.171926352444,18.77527013966917,11.686124018995704
2022-11-24,4630.0,4833.0,4614.0,4815.0498046875,4799.70947265625,1822610,69.68095409899576,4287.6544921875,4533.424781914151,4611.899726553971,37.599116067806776,13.53705202248221
2022-11-25,4815.0,4885.0,4751.0498046875,4789.4501953125,4774.19140625,1069669,70.12781589484985,4298.713994140625,4579.974857077487,4682.268055098251,41.12278997892299,15.507461876513693
2022-11-28,4761.0,4768.85009765625,4683.25,4721.85009765625,4706.80712890625,598162,65.88865717282931,4308.57099609375,4605.770355364535,4710.5701977982,30.755290509943915,16.59659249318728
2022-11-29,4725.0,4842.0,4707.64990234375,4719.2001953125,4704.16552734375,910558,65.8857069327384,4318.061997070313,4626.393962627802,4729.013148743473,36.201072337407034,17.996912482060118
2022-11-30,4719.2001953125,4760.10009765625,4642.60009765625,4726.39990234375,4711.34228515625,1113421,70.83394279175778,4327.151997070312,4644.576860757974,4743.414929686392,26.661371476242813,18.615802410216023
2022-12-01,4765.0,4794.0,4701.0498046875,4775.7001953125,4760.4853515625,611403,68.23284152468244,4336.073999023438,4668.417467040615,4768.790928576936,29.435199191989536,19.388616466056988
2022-12-02,4771.0,4882.9501953125,4743.0498046875,4871.4501953125,4855.93017578125,996306,66.8848416558315,4345.636000976562,4705.332508544594,4817.659465577567,36.2486798003264,20.592906704219086
2022-12-05,4885.0,4901.9501953125,4766.9501953125,4778.35009765625,4763.12646484375,684834,58.578199770204925,4354.058002929687,4718.608433837622,4821.374428467987,37.63390640720718,21.810120968718234
2022-12-06,4770.35009765625,4800.0,4715.0,4788.0498046875,4772.7958984375,354855,68.23122358183471,4362.606000976562,4731.2341376285085,4825.645527245896,29.357505115151405,22.349219836320604
2022-12-07,4804.7001953125,4815.0,4710.89990234375,4727.39990234375,4712.3388671875,354913,69.73814189818304,4370.583000488281,4730.537003940371,4807.212304246121,30.65416256118585,22.942430030953833
2022-12-08,4738.0,4777.85009765625,4681.39990234375,4704.5,4689.51171875,336491,67.95436321406845,4378.945,4725.803003223939,4784.664066524292,25.765000136228423,23.144042181330587
2022-12-09,4728.0,4735.9501953125,4675.25,4685.10009765625,4670.173828125,271785,65.66083922934456,4386.815500488281,4718.402474938905,4760.506549042347,24.717223917722585,23.256412305358587
2022-12-12,4677.0,4756.0,4630.0,4742.2998046875,4727.19140625,445259,65.91149089819085,4394.921499023438,4722.7474439841035,4760.751206560265,16.99385399681413,22.809086711891126
2022-12-13,4746.0,4761.35009765625,4661.2998046875,4678.85009765625,4663.94384765625,363818,54.69495911887627,4402.238999023438,4714.7661082881295,4739.329912099192,17.643246734454934,22.440098142074255
2022-12-14,4712.0,4712.0,4656.60009765625,4666.14990234375,4651.28369140625,356293,37.32116847993833,4408.698498535156,4705.926798116424,4718.7922929122615,16.778964556584494,22.035731457396416
2022-12-15,4679.9501953125,4686.60009765625,4627.64990234375,4642.89990234375,4628.1083984375,316614,37.471146340401155,4414.024997558594,4694.467362521392,4695.617774594778,11.352059718717502,21.272612047490778
2022-12-16,4638.0,4638.0,4551.7001953125,4565.14990234375,4550.60546875,342890,36.8318708070198,4418.175998535156,4670.955097034547,4652.659035150808,1.5711208868893287,19.865362678876387
2022-12-19,4600.0,4620.0,4521.0498046875,4610.4501953125,4595.76171875,308464,41.47258803348418,4423.027502441406,4659.954205812357,4635.983971452961,6.2973795827391825,18.896221029152304
2022-12-20,4610.35009765625,4616.4501953125,4540.25,4596.64990234375,4582.00537109375,282355,39.930156384007596,4427.095002441406,4648.444332454428,4619.4151534129805,6.297379582739175,17.99630378297994
2022-12-21,4610.7998046875,4788.4501953125,4602.2001953125,4766.2001953125,4751.015625,877375,49.378681012255946,4433.655002441406,4669.854489337714,4663.620743935582,19.011819053467104,18.068840588014737
2022-12-22,4795.0,4848.7998046875,4725.0,4781.7001953125,4766.46630859375,902304,43.44176037523516,4440.216003417969,4690.190072242221,4701.727939289619,25.696713568545693,18.613688658052663
2022-12-23,4765.7001953125,4805.0,4686.35009765625,4700.14990234375,4685.17529296875,473498,44.187602762967614,4445.312502441407,4692.000950442498,4702.922651099688,18.926384894836463,18.636024103537217
2022-12-26,4723.7001953125,4740.0,4652.5,4684.0498046875,4669.126953125,247357,42.34280891825414,4450.030002441406,4690.555287577952,4698.308409408298,13.176762738275134,18.246076863161353
2022-12-27,4685.0,4712.7001953125,4625.64990234375,4643.7998046875,4629.0048828125,226485,43.65416248984922,4453.586999511719,4682.054290688779,4681.442392913374,8.688132392160202,17.56336654380413
2022-12-28,4652.0,4679.60009765625,4582.0,4588.64990234375,4574.03125,313366,41.616662885662436,4456.214499511719,4665.071674626046,4650.676163303933,1.6313555748669026,16.425365760308615
2022-12-29,4588.64990234375,4610.0,4478.5,4524.4501953125,4510.03564453125,530411,39.082594827362364,4458.358503417969,4639.504132932673,4606.807089556367,12.822120672596169,16.167991111186296
2022-12-30,4550.0,4582.4501953125,4468.10009765625,4477.60009765625,4463.3349609375,348965,31.754958167048187,4459.176506347656,4610.067035609687,4559.230011401176,14.143391716914532,16.023376868738314
2023-01-02,4488.0,4516.7001953125,4446.0,4454.35009765625,4440.1591796875,246577,33.61797739957092,4459.979006347657,4581.7548650726985,4516.996433008199,17.021459537894565,16.094668487963762
2023-01-03,4467.0,4508.9501953125,4425.10009765625,4490.89990234375,4476.5927734375,430096,37.64199373959853,4460.614504394532,4565.235780940162,4498.735994960769,19.76081598601701,16.356536166396136
2023-01-04,4495.0,4514.10009765625,4425.0,4433.2998046875,4419.17578125,414977,35.902632907188675,4459.776003417969,4541.247421621496,4467.21166637763,18.720778693727,16.525410632634056
2023-01-05,4455.5,4455.5,4356.0,4429.0498046875,4414.93896484375,468816,39.84179457424709,4459.770002441406,4520.847854906224,4443.582591485111,27.771395358342826,17.328695255898968
2023-01-06,4442.0498046875,4474.2998046875,4369.0,4387.4501953125,4373.47216796875,299640,33.263310522612315,4460.517004394531,4496.5937349800915,4413.532421332346,23.72881717527216,17.78584682156848
2023-01-09,4424.35009765625,4452.14990234375,4381.0498046875,4407.7001953125,4393.65771484375,407803,35.95484998543547,4461.1000073242185,4480.431273222347,4399.248184254219,23.72881717527216,18.210344703975885
2023-01-10,4410.0,4489.0,4406.0,4466.64990234375,4452.419921875,557940,23.35203048251195,4462.709006347656,4477.925569426238,4409.452920800954,15.426755576707466,18.011516909171
2023-01-11,4474.0,4482.4501953125,4336.0498046875,4360.60009765625,4346.7080078125,462687,17.736759973789034,4463.648508300781,4456.593665468059,4383.117213354317,25.628131560274,18.555560812821216
2023-01-12,4370.9501953125,4382.39990234375,4325.25,4359.75,4345.8603515625,207917,20.239584966069074,4465.892507324219,4438.985726292048,4364.462133418613,27.090383578972954,19.165191010403483
2023-01-13,4365.0,4370.0,4268.0498046875,4335.5498046875,4321.7373046875,366497,19.956910821785456,4468.999006347656,4420.179195091221,4343.818184485008,34.44234533300661,20.25641631916085
2023-01-16,4364.25,4364.25,4285.0,4294.64990234375,4280.9677734375,210854,19.93458648773138,4471.236005859375,4397.355687318954,4316.20471773656,34.4423453330066,21.26969696300697
2023-01-17,4316.2001953125,4336.4501953125,4275.0,4322.85009765625,4309.078125,294500,25.997862639180582,4472.357006835938,4383.809216471189,4306.329492482878,35.75582702427383,22.304420538811744
2023-01-18,4337.0,4352.0,4305.0,4339.7998046875,4325.9736328125,331806,31.770133619626563,4474.067006835938,4375.807505237791,4305.868149147302,31.34889196674557,22.950454212235588
2023-01-19,4339.7998046875,4339.7998046875,4285.64990234375,4318.14990234375,4304.39306640625,162244,33.433761612443874,4475.096005859375,4365.324304711601,4299.524031116137,34.210926358188146,23.7547736512322
2023-01-20,4302.0,4322.4501953125,4264.2001953125,4285.25,4271.59765625,242706,32.77650275405125,4475.433505859375,4350.765340218582,4285.016872691642,37.329892249287404,24.724424979664715
2023-01-23,4294.39990234375,4353.5,4286.89990234375,4335.4501953125,4321.6376953125,161350,34.59514614194205,4475.559008789062,4347.980768417476,4291.908281694528,27.87888925565001,24.949743856520804
2023-01-24,4349.9501953125,4349.9501953125,4290.7998046875,4305.0,4291.28466796875,178860,36.56262729594428,4475.837509765625,4340.166083250661,4287.894760795401,27.878889255650012,25.158968527887176
2023-01-25,4314.9501953125,4318.0,4194.0,4224.35009765625,4210.8916015625,423714,31.518609688766787,4474.957509765625,4319.108631324405,4259.112361375892,42.248925553036784,26.37967974396929
2023-01-27,4228.0,4285.35009765625,4192.10009765625,4244.14990234375,4230.62841796875,421866,36.5319170877591,4474.573510742188,4305.47977150974,4245.241028976231,42.491124258074876,27.530497209262546
2023-01-30,4236.5,4260.0,4123.0,4237.7001953125,4224.19921875,623069,33.59703409897617,4472.795512695313,4293.156212201151,4233.787056148525,50.60497515041371,29.178674205059053
2023-01-31,4239.5,4303.75,4127.0498046875,4255.89990234375,4242.34130859375,671038,27.929590715511736,4471.58951171875,4286.3823376816235,4232.265312668043,37.388195655803,29.76506859439791
2023-02-01,4275.0,4352.0,4211.5,4262.64990234375,4249.0693359375,321331,37.04866175636219,4470.068012695312,4282.067349438374,4234.259338591876,24.419975335703544,29.38327621877688
2023-02-02,4262.0,4262.0,4170.0,4231.5,4218.01904296875,479256,34.30034886914349,4467.77951171875,4272.873285904124,4226.235225047149,30.496729453740162,29.462808592702828
2023-02-03,4245.0,4259.7998046875,4158.0,4251.60009765625,4238.05517578125,413966,39.619148918127564,4465.47951171875,4269.005433495419,4227.682413550772,32.19437947086695,29.657920798285975
2023-02-06,4211.0,4335.64990234375,4189.64990234375,4320.7001953125,4306.93505859375,257669,53.01125547400619,4463.785512695313,4278.404481098524,4252.284867364536,13.348430401099854,28.492957198486966
2023-02-07,4305.0,4360.0,4271.35009765625,4315.60009765625,4301.85107421875,319090,49.114644583725635,4462.665512695313,4285.167320472656,4269.329959632773,8.024217680060802,27.030904375742242
2023-02-08,4320.0,4404.2998046875,4302.5498046875,4391.25,4377.26025390625,250175,55.4951005268307,4463.15951171875,4304.455080386718,4307.278134174683,1.0793694221464074,25.177223307628253
2023-02-09,4347.35009765625,4404.4501953125,4325.0,4389.2998046875,4375.31591796875,284239,57.93282359366467,4464.255009765625,4319.88139389595,4334.812694411839,1.1098377168565174,23.458124336858845
2023-02-10,4385.39990234375,4425.2998046875,4350.25,4416.25,4402.18017578125,359807,64.80224231280573,4465.3355078125,4337.40295864214,4363.955302947478,5.457446347019584,22.1723616232989
2023-02-13,4430.39990234375,4439.60009765625,4328.0,4358.64990234375,4344.763671875,272935,52.57833765215687,4463.328505859375,4341.26603931516,4366.151387024725,0.38538366857484857,20.616148912247183
2023-02-14,4380.4501953125,4380.4501953125,4251.0498046875,4268.85009765625,4255.25,339582,46.45067769889219,4459.969008789062,4328.099504468085,4337.68762408285,14.864973976991317,20.205350702586053
2023-02-15,4170.0,4514.0,4170.0,4487.89990234375,4473.60205078125,2724361,70.34665218532388,4458.759008789062,4357.15412226366,4388.770907417575,10.537170847012902,19.514766427187972
2023-02-16,4509.9501953125,4668.0,4500.14990234375,4643.14990234375,4628.357421875,1419679,75.4756896162394,4461.006005859375,4409.153355005495,4477.566460556563,29.812600520702638,20.250326005296163
2023-02-17,4640.14990234375,4668.9501953125,4576.0,4614.7001953125,4599.99853515625,408098,73.41327617393866,4464.326005859375,4446.525507788586,4533.077082789262,29.912940988728014,20.940512789827007
2023-02-20,4593.0,4649.9501953125,4575.35009765625,4610.60009765625,4595.9111328125,232327,72.4209766244511,4468.002504882813,4476.357251400888,4571.579966629689,29.77628388638091,21.571639296723713
2023-02-21,4611.0,4640.0,4491.0,4502.0498046875,4487.70703125,490637,63.4072741039048,4470.333500976562,4481.028624725726,4562.760151724158,13.141275182359966,20.969470431412017
2023-02-22,4505.0,4535.9501953125,4440.0,4449.10009765625,4434.92578125,333978,61.89589933239964,4470.9075,4475.223437985822,4537.344989106436,4.42554608261207,19.78776154935488
2023-02-23,4471.35009765625,4518.2998046875,4401.0,4448.0498046875,4433.87890625,443522,60.968086881134646,4471.553999023437,4470.282777386126,4517.067142357787,1.8039887047291117,18.503206346167328
2023-02-24,4455.0498046875,4486.0,4396.89990234375,4470.64990234375,4462.42626953125,358946,59.12116101564809,4472.60849609375,4470.349527378421,4508.682257803476,2.46275839157054,17.357460063696127
2023-02-27,4485.0,4494.75,4415.0498046875,4439.75,4431.58349609375,215703,57.386907681169575,4472.9619970703125,4464.785976945981,4491.597124212666,0.9069384805784344,16.18242280775915
2023-02-28,4449.0,4473.39990234375,4361.2998046875,4401.64990234375,4393.55322265625,312308,50.968960057984276,4473.07349609375,4453.306690654666,4465.850940543606,9.952206809911146,15.737407379341436
2023-03-01,4401.64990234375,4446.0,4337.25,4413.7998046875,4405.6806640625,287008,51.78421312663503,4473.270493164063,4446.123620478817,4450.510040244074,13.746013127383907,15.595164932773041
2023-03-02,4429.0,4450.2001953125,4381.35009765625,4402.2001953125,4394.1025390625,313250,49.516680836393704,4473.886494140625,4438.137543175851,4435.192368826815,12.851775187070658,15.399208522365727
2023-03-03,4416.75,4445.0,4393.89990234375,4408.2998046875,4400.19091796875,168868,53.53348586014225,4475.213994140625,4432.712499814332,4425.8641398693335,12.851775187070661,15.21724899841608
2023-03-06,4416.0,4488.89990234375,4412.0498046875,4421.10009765625,4412.9677734375,242661,61.14491711510036,4476.554497070312,4430.601153967407,4423.2704855921975,3.0330129518837823,14.346946423663775
2023-03-08,4414.89990234375,4441.2001953125,4360.0,4376.0498046875,4368.0,246734,40.115737545782686,4477.654497070313,4420.682726825606,4406.569830493506,12.728327044922022,14.231330753753651
2023-03-09,4399.0,4538.25,4385.14990234375,4418.14990234375,4410.02294921875,684685,24.097869318346383,4478.864497070313,4420.2222132834495,4408.298514295422,6.119945740897833,13.651946109978237
2023-03-10,4399.7001953125,4399.7001953125,4291.64990234375,4317.25,4309.30859375,328154,20.56697335699843,4479.12849609375,4401.499992686458,4376.426058480534,9.567882487096245,13.36022727977238
2023-03-13,4327.0,4435.9501953125,4322.0,4345.0,4337.00732421875,496455,24.981622001130518,4478.91849609375,4391.227266743466,4362.307272076171,3.1981830427451245,12.634366977127574
2023-03-14,4345.0,4354.75,4275.0,4299.60009765625,4291.69091796875,279237,28.437947485060107,4478.026997070312,4374.567781454881,4337.275479672797,10.465910363384273,12.479477219003053
2023-03-15,4334.75,4367.9501953125,4309.2998046875,4328.7998046875,4320.8369140625,279479,36.76169302384611,4478.089995117188,4366.246331133539,4328.9259885034635,8.013128957847155,12.160452343206204
2023-03-16,4330.9501953125,4370.0,4266.0,4319.0498046875,4311.10498046875,300181,36.035384586333784,4477.389995117188,4357.6651445069865,4320.109347842474,14.703526279915016,12.342100481542548
2023-03-17,4340.0,4376.2001953125,4296.7001953125,4346.5,4338.5048828125,368653,35.86798065325877,4476.75349609375,4355.635118232989,4323.246717646935,13.4313036879938,12.41990071057478
2023-03-20,4322.0,4353.89990234375,4195.0,4313.0,4305.06640625,563835,35.656881576980766,4475.842998046875,4347.883278554264,4315.041263792172,27.613541493907213,13.505160766527096
2023-03-21,4320.0,4353.89990234375,4266.0,4274.0,4266.13818359375,239304,35.58443194222856,4474.264497070312,4334.449955180761,4296.588314888002,27.613541493907217,14.512902247054246
2023-03-22,4275.0498046875,4295.0,4211.10009765625,4285.10009765625,4277.2177734375,302705,35.43133637082502,4471.445498046875,4325.477253812668,4287.158246999244,34.34727316738075,15.929643027077569
2023-03-23,4276.0,4299.35009765625,4243.5498046875,4273.0498046875,4265.18994140625,233054,35.39523310604862,4469.00099609375,4315.944990335364,4276.793951006586,33.28922451952969,17.169613133681292
2023-03-24,4277.5,4354.64990234375,4261.0,4283.35009765625,4275.47119140625,354933,36.00322649230749,4466.72099609375,4310.018646211888,4273.137150660044,20.317037947878244,17.394429191838217
2023-03-27,4304.7001953125,4407.89990234375,4277.0,4318.10009765625,4310.1572265625,495895,39.00279531523551,4466.07099609375,4311.488001019954,4282.514431320499,9.287222825498647,16.815343022813963
2023-03-28,4334.7998046875,4343.5,4245.0498046875,4333.60009765625,4325.62841796875,343628,45.1624304415062,4465.456997070312,4315.508382226553,4295.092137096036,14.360116478666141,16.639969698231976
2023-03-29,4333.60009765625,4380.0,4311.10009765625,4363.0,4354.974609375,250790,43.52777729937022,4465.46099609375,4324.143221821725,4314.503890020079,6.998566186710536,15.951298018837589
2023-03-31,4384.85009765625,4400.9501953125,4299.9501953125,4310.89990234375,4302.97021484375,465663,49.15837533568383,4464.931997070313,4321.735345553002,4311.878538949973,2.904009517246063,15.01934884015248
2023-04-03,4343.5,4343.9501953125,4220.14990234375,4234.35009765625,4226.56103515625,493574,37.01446473145293,4463.66349609375,4305.847118662683,4284.783000349944,16.077698518893747,15.094945245776856
2023-04-05,4250.0,4250.0,4168.0,4200.9501953125,4193.22265625,622533,38.08722671502749,4462.81849609375,4286.774950780831,4253.936171167075,23.39263150324271,15.68763712131013
2023-04-06,4217.0,4225.0,4183.14990234375,4201.9501953125,4194.220703125,286725,33.56234025721125,4460.623999023437,4271.352267968407,4231.865616892443,23.3926315032427,16.237993862876742
2023-04-10,4215.0,4243.64990234375,4187.2998046875,4237.0,4229.2060546875,323560,40.02191586544468,4457.426997070313,4265.106401065061,4227.688886354716,19.087450710311433,16.441526494836364
2023-04-11,4263.0,4286.7998046875,4221.14990234375,4271.2998046875,4263.44287109375,284178,41.00474084511328,4454.020493164063,4266.232474450959,4236.539477003684,9.562715844128068,15.950182876928627
2023-04-12,4287.7001953125,4328.9501953125,4266.5,4320.2001953125,4312.25341796875,304498,50.83067052984804,4452.429995117188,4276.044787334875,4259.778772692127,1.05972919833976,14.886579042743708
2023-04-13,4329.0,4481.10009765625,4320.2998046875,4398.2998046875,4390.20947265625,1257056,63.15343203230148,4452.4099951171875,4298.272972308079,4303.151111669362,22.362780966428318,15.42059346586404
2023-04-17,4410.0,4448.39990234375,4340.0,4386.7001953125,4378.630859375,334963,60.739956273618766,4452.285498046875,4314.350649217974,4331.49631707621,22.362780966428332,15.916464001618632
2023-04-18,4380.0,4384.10009765625,4293.89990234375,4338.64990234375,4330.6689453125,409038,56.443972455947296,4451.48349609375,4318.768695240842,4336.4117338708365,13.147672236938114,15.718693161284309
2023-04-19,4355.0,4355.0,4221.5498046875,4320.2998046875,4312.35302734375,517278,53.57313831045346,4449.98849609375,4319.047078776598,4333.710060548576,0.3719503830601004,14.622497248554009
2023-04-20,4320.2998046875,4358.85009765625,4233.14990234375,4348.39990234375,4340.4013671875,484517,52.96824922175706,4447.4204931640625,4324.383955788808,4340.747476612234,1.0124775960737842,13.650352987662563
2023-04-21,4340.0,4428.0,4318.4501953125,4361.2998046875,4353.27734375,485292,52.72744087293521,4442.882993164062,4331.095928315843,4349.975877420766,11.96055283023307,13.529652976417598
2023-04-24,4362.2998046875,4462.2001953125,4362.2998046875,4399.0498046875,4390.9580078125,571150,53.492176319505646,4438.978989257813,4343.451178565235,4369.00725076422,16.85831656499944,13.7674146613163
2023-04-25,4409.9501953125,4446.25,4383.10009765625,4416.5,4408.3759765625,252655,60.9657450952304,4435.92548828125,4356.7327824624645,4388.509062904823,16.85831656499945,13.98819336872224
2023-04-26,4419.9501953125,4488.7001953125,4401.0,4410.39990234375,4402.287109375,438486,71.41468151725434,4432.8374853515625,4366.490440622698,4400.472754024819,23.02288433916958,14.633528438039905
2023-04-27,4419.85009765625,4438.5,4365.0498046875,4417.5,4409.3740234375,400508,78.14163185076501,4429.748486328125,4375.764905964025,4411.156815845029,15.230716053812534,14.676184696309377
2023-04-28,4442.9501953125,4529.0,4430.9501953125,4513.7001953125,4505.3974609375,713399,82.4773475482352,4427.128486328125,4400.84404948193,4450.320365899218,27.653573726369096,15.603141055599357
2023-05-02,4529.75,4573.2998046875,4476.89990234375,4490.7998046875,4482.5390625,384900,77.12690867034615,4423.321982421875,4417.199641337487,4471.0621117425435,32.8418116374453,16.834474668588353
2023-05-03,4509.75,4524.4501953125,4482.0,4515.4501953125,4507.14404296875,287955,76.64515550392497,4420.692983398438,4435.063378423853,4493.748457280471,32.8418116374453,17.977855880649564
2023-05-04,4510.0,4569.89990234375,4500.0,4553.2001953125,4544.82470703125,391146,76.06257127035788,4418.344487304687,4456.542799676334,4522.1319361292335,38.12186888857608,19.41671395264432
2023-05-05,4550.0,4630.0,4521.5,4602.5,4594.03369140625,332169,74.41408351854018,4417.09548828125,4483.080472462455,4558.456952748927,44.35226842762566,21.197824986571558
2023-05-08,4611.0,4660.0,4585.0,4625.10009765625,4616.59228515625,274255,77.77252227352355,4416.301489257812,4508.902222497691,4591.700774579088,47.20962360824506,23.05581060240538
2023-05-09,4645.89990234375,4647.89990234375,4582.2998046875,4593.0498046875,4584.60107421875,207566,80.7840611640635,4415.380986328125,4524.201782895838,4604.463874924557,46.48057680173768,24.729008188071976
2023-05-10,4593.0498046875,4634.0,4577.0,4601.2998046875,4592.8359375,293523,84.854732759489,4413.970986328125,4538.219605039776,4615.357716635587,44.96308621629041,26.174299475801863
2023-05-11,4610.9501953125,4645.0,4584.64990234375,4595.2998046875,4586.84716796875,409446,82.40147395856738,4413.135483398438,4548.597823157544,4620.202092923199,46.20867786133772,27.605326503340137
2023-05-12,4595.0,4640.0,4535.0,4605.25,4596.77880859375,427837,82.2641607090868,4412.526484375,4558.898218947081,4625.911127128602,31.71834758321017,27.899113723330856
2023-05-15,4609.9501953125,4689.0,4591.10009765625,4625.85009765625,4617.3408203125,401847,81.42134497930238,4412.355986328125,4571.071287803293,4635.859814470529,38.22530695989311,28.63669895451387
2023-05-16,4625.0,4642.25,4541.0,4555.10009765625,4546.72119140625,310725,66.7310324628007,4412.25548828125,4568.167435049285,4618.800350069199,25.098657228094844,28.383981688341084
2023-05-17,4580.0498046875,4599.60009765625,4458.0,4482.14990234375,4473.9052734375,266803,57.45764607781326,4410.972485351563,4552.5278836482785,4581.158817518294,6.9740367413621245,26.854699906414016
2023-05-18,4510.0,4529.89990234375,4433.0,4442.0,4433.8291015625,167057,52.38281465580403,4409.425986328125,4532.431904803137,4539.4150498234885,2.172324318192865,25.091673078683932
2023-05-19,4455.0,4465.0,4410.25,4447.14990234375,4438.9697265625,177405,42.13449365990838,4406.235483398437,4516.926086174157,4509.952989585279,2.1327554088141643,23.45175038797895
2023-05-22,4459.7998046875,4625.0,4451.9501953125,4605.2998046875,4596.82861328125,361967,60.25436017856908,4404.471479492187,4532.994034994765,4540.435277729817,22.57582424166496,23.38918423467081
2023-05-23,4605.0,4617.0498046875,4533.0,4550.39990234375,4542.02978515625,433331,52.96916714043014,4402.973979492188,4536.158738149125,4544.836330240464,22.575824241664954,23.33108709231325
2023-05-24,4540.9501953125,4607.0,4523.35009765625,4536.4501953125,4528.10546875,225979,48.517036689277155,4401.497983398437,4536.211730360648,4543.3549356993535,20.536096707396208,23.131444921962036
2023-05-25,4569.0,4597.9501953125,4530.9501953125,4568.14990234375,4559.7470703125,202680,46.86102202859004,4400.741484375,4542.018670721212,4552.61424447516,20.53609670739622,22.946062906635905
2023-05-26,4590.0,4620.0,4551.25,4609.89990234375,4601.42041015625,289579,48.65796857075726,4400.953984375,4554.360712834401,4573.127853089331,23.892291636455678,23.013650673051607
2023-05-29,4635.0,4665.0,4580.64990234375,4640.4501953125,4631.9140625,332364,54.19619758163351,4402.113984375,4570.013346012237,4598.174978820864,30.356976385222517,23.538173938206675
2023-05-30,4672.0,4795.0,4535.4501953125,4599.14990234375,4590.68994140625,1298380,49.82019289068464,4403.329482421875,4575.3109017088755,4602.686601395002,44.914076332827236,25.065024109251
2023-05-31,4600.0,4731.0,4525.0,4621.9501953125,4613.4482421875,1655511,52.167909417288044,4405.005483398438,4583.790773273171,4613.12714975079,42.33843625354899,26.29883926241514
2023-06-01,4689.0,4847.0,4686.0,4814.25,4805.39453125,1692479,63.1116836979892,4408.238984375,4625.692450859867,4683.978131457942,52.44280329363163,28.16626526464489
2023-06-02,4839.64990234375,5002.2001953125,4806.0,4967.2998046875,4958.16259765625,1326161,68.3683936566683,4413.578984375,4687.802878828527,4786.308785837676,62.02983457398642,30.58509164388357
2023-06-05,4967.9501953125,5009.2001953125,4934.0498046875,4950.2001953125,4941.0947265625,698352,72.55656337326437,4418.79048828125,4735.511481825613,4855.141535467078,62.398022080250215,32.857443817909754
2023-06-06,4969.0,4969.4501953125,4893.5,4940.10009765625,4931.01318359375,382992,78.16599141803417,4424.316987304687,4772.709411976638,4901.023216897766,53.13452268508843,34.305806594136804
2023-06-07,4964.4501953125,5040.0,4950.0498046875,5026.4501953125,5017.2041015625,552840,84.01332346410067,4430.504487304687,4818.844099855885,4961.574684874375,57.65974145741638,35.973944798656774
2023-06-08,5020.0,5028.5498046875,4920.0,4926.64990234375,4917.58740234375,411502,75.13630976101493,4435.104487304688,4838.445154853679,4971.261951230638,50.972973311005354,37.04530397811025
2023-06-09,4926.64990234375,4965.85009765625,4907.0498046875,4926.7001953125,4917.6376953125,249400,70.19608445863906,4440.76548828125,4854.4915258461915,4976.288662784851,48.0585785423837,37.831966446986925
2023-06-12,4949.0,4995.0,4915.0498046875,4924.75,4915.69091796875,343835,75.20024974413082,4446.41548828125,4867.265793874156,4977.369670665031,50.380497437137926,38.728290089140565
2023-06-13,4925.0,4990.0,4916.75,4951.0498046875,4941.9423828125,308751,77.45329100803318,4452.57048828125,4882.499250385673,4985.047977633085,50.380497437137926,39.56059061399752
2023-06-14,4965.0,5022.5498046875,4951.0498046875,5009.0,4999.7861328125,360156,78.21077568989935,4459.7139892578125,4905.4993866791865,5008.221184121762,53.09584354633121,40.5273943948785
2023-06-15,5039.9501953125,5259.7998046875,5018.0,5218.75,5209.150390625,1712253,82.06666381545149,4468.67298828125,4962.454043646607,5093.098415436604,67.18960155205953,42.43183776324857
2023-06-16,5218.75,5294.0,5163.0498046875,5200.0498046875,5190.484375,797312,79.8452884730781,4477.27548828125,5005.653272926769,5147.888946529627,68.65189270841748,44.304698830760636
2023-06-19,5220.0,5261.9501953125,5135.2998046875,5145.0,5135.5361328125,327818,78.69120122268237,4485.543989257812,5030.989041485538,5168.092948708688,62.330096657736014,45.59222724697316
2023-06-20,5174.9501953125,5197.89990234375,5101.10009765625,5162.0498046875,5152.55419921875,334154,78.5615946846604,4494.311987304687,5054.818271158622,5186.490837710086,54.63690601446922,46.238275730365736
2023-06-21,5169.85009765625,5173.0,5086.60009765625,5118.75,5109.33447265625,410174,69.11490951211408,4502.144985351562,5066.442221857054,5183.6848268796975,51.361588376852175,46.604226633686196
2023-06-22,5129.89990234375,5155.0,5055.0,5066.0,5056.68115234375,329800,57.0884925034816,4509.754985351563,5066.361817883044,5162.221800559198,44.19369323239752,46.432045676451295
2023-06-23,5084.39990234375,5084.39990234375,5001.0,5045.4501953125,5036.16943359375,335552,56.8069711035926,4517.965986328125,5062.5597046883995,5137.879779718725,32.634623236876045,45.446515502195915
2023-06-26,5049.9501953125,5055.0,5000.0498046875,5036.9501953125,5027.68505859375,430106,56.937187450945224,4525.893989257813,5057.903430256418,5115.719267109609,32.43344633481773,44.5170105616689
2023-06-27,5040.0,5150.0,5036.9501953125,5142.7998046875,5133.33984375,556456,58.10743926732196,4534.9449853515625,5073.339134698433,5133.272213939966,41.91877494230533,44.33142230314292
2023-06-28,5142.7998046875,5142.7998046875,5142.7998046875,5142.7998046875,5133.33984375,0,67.49496960381622,4543.813984375,5085.968347423717,5145.337495396569,41.91877494230534,44.159090348797385
2023-06-30,5128.0,5148.9501953125,5064.0498046875,5098.2001953125,5088.822265625,411015,62.94733996507845,4552.169487304687,5088.192319767132,5138.586690934986,25.042568707155876,42.79362451725156
2023-07-03,5127.5,5142.5,5060.0,5068.5,5059.1767578125,150815,60.41595923491743,4560.539487304687,5084.61189799129,5122.914220221118,24.224461361113782,41.46725572038457
2023-07-04,5119.89990234375,5124.7001953125,5052.0498046875,5109.9501953125,5100.55078125,233404,61.266379483764446,4569.12298828125,5089.218861140601,5124.326458268988,22.52964755659125,40.11456942297077
2023-07-05,5125.0,5148.5,5050.39990234375,5077.64990234375,5068.3095703125,279982,55.05112456772313,4576.692485351563,5087.115414086627,5114.118809602058,25.793547372317434,39.09163927649553
2023-07-06,5090.0,5310.0,5070.2001953125,5283.0498046875,5273.33203125,1251554,54.76155286235097,4586.366982421875,5122.739848741331,5173.980800698713,43.26214428335344,39.38953249127109
2023-07-07,5274.9501953125,5274.9501953125,5130.0,5146.25,5136.78369140625,559765,46.60911754241108,4593.916982421875,5127.014421697452,5172.4362148085,43.26214428335346,39.66614761927697
2023-07-10,5179.85009765625,5203.5,5110.75,5158.35009765625,5148.861328125,271366,50.889569512246005,4601.607485351563,5132.711817326324,5174.536608113532,38.74704133173271,39.60049717016666
2023-07-11,5200.0,5272.39990234375,5165.10009765625,5257.0,5247.330078125,503174,55.70650655994976,4610.014985351562,5155.3096687215375,5208.019103234427,45.38208633229294,40.013467824604255
2023-07-12,5261.64990234375,5288.4501953125,5205.85009765625,5252.0498046875,5242.388671875,263391,58.3983899451706,4618.948984375,5172.898784351712,5230.41577992331,46.827048933730154,40.50015218954182
2023-07-13,5289.89990234375,5289.89990234375,5168.0,5182.0,5172.4677734375,338327,57.15254372254051,4628.0804833984375,5174.553550833218,5222.966810694848,37.58314434019872,40.29179448601731
2023-07-14,5180.0,5198.4501953125,5096.25,5171.7998046875,5162.28662109375,508041,57.891417844782076,4634.919482421875,5174.052869715814,5213.254070506546,21.914087330546746,38.97910111776941
2023-07-17,5152.2001953125,5318.9501953125,5152.2001953125,5219.2998046875,5209.69921875,469609,60.85995116059146,4640.680981445313,5182.279585165212,5221.084243907136,35.25113274475174,38.71281766255386
2023-07-18,5206.5,5324.0,5106.4501953125,5162.60009765625,5153.103515625,511024,51.252534404776945,4646.15998046875,5178.701496527218,5207.523235703162,26.422374643699886,37.83492887549286
2023-07-19,5162.60009765625,5223.9501953125,5162.60009765625,5175.60009765625,5166.07958984375,265631,52.04132642529953,4651.80998046875,5178.1376058234055,5201.257663664241,26.422374643699893,37.01974643036478
2023-07-20,5170.0,5210.0,5132.64990234375,5195.4501953125,5185.8935546875,276787,56.244777747203386,4658.743984375,5181.285349366876,5202.777186863126,20.452667111895177,35.83638362190267
2023-07-21,5130.0498046875,5253.0,5125.0498046875,5204.89990234375,5195.32568359375,313184,58.99258812048126,4666.301982421875,5185.57890445358,5206.676043839634,25.86524835440882,35.124159674224536
2023-07-24,5144.0,5225.7001953125,5144.0,5180.7998046875,5171.27001953125,249814,54.78034248234679,4673.629482421875,5184.709977223384,5201.260332623631,25.86524835440882,34.462808865666275
2023-07-25,5153.7998046875,5220.0,5153.7998046875,5212.2001953125,5202.61279296875,547945,59.08941000276926,4681.044985351563,5189.708198694132,5207.338852497674,25.865248354408816,33.848697400576455
2023-07-26,5196.0,5255.0,5143.0498046875,5155.75,5146.26611328125,297720,39.23377791458049,4688.204985351563,5183.533980749744,5192.907428270871,30.66155087414908,33.621044077260215
2023-07-27,5146.75,5265.0,5144.2001953125,5215.5,5205.90625,363050,56.734392913719205,4696.343486328125,5189.34598424979,5201.770444176204,32.01491608280889,33.50632064908512
2023-07-28,5177.0,5364.0,5177.0,5346.9501953125,5337.11474609375,453505,64.88554275013996,4705.674990234375,5218.0012953521,5251.612017102875,43.725362877600624,34.23625223683622
2023-07-31,5339.9501953125,5339.9501953125,5158.5498046875,5173.4501953125,5163.93408203125,689230,44.10252514614633,4713.387490234375,5209.9010953449,5230.773340407825,38.92268506852038,34.57099743909937
2023-08-01,5210.0,5210.0,5021.5498046875,5032.39990234375,5023.14306640625,1044095,36.99453441119649,4719.628491210938,5177.628151162872,5168.3003064290615,9.628693092434574,32.78940427148046
2023-08-02,5033.0,5043.7001953125,4976.0,4996.75,4987.55859375,1016605,38.565546694493854,4725.384990234375,5144.741214587804,5110.201848062358,1.9326195329148779,30.585348218725773
2023-08-03,4960.0,5030.0,4956.2998046875,4996.2998046875,4987.109375,412037,39.035380741966854,4731.587490234375,5117.751867333203,5067.410192422256,1.2947876163693797,28.49316531855746
2023-08-04,5025.0,5036.4501953125,4964.0,4980.2998046875,4971.138671875,358846,34.45632186102151,4737.208989257812,5092.760583215802,5031.124525828972,0.1763983208509467,26.470539104435563
2023-08-07,4980.2998046875,5024.89990234375,4956.35009765625,5014.39990234375,5005.17626953125,608113,40.0697254707092,4744.18048828125,5078.513186693611,5016.426724404411,1.56451287403926,24.691537230835827
2023-08-08,5017.0,5055.0,4980.14990234375,5023.35009765625,5014.10986328125,519420,39.74268554087581,4750.9639892578125,5068.483534141364,5009.479440180181,4.08701871526218,23.219785908294853
2023-08-09,5023.35009765625,5026.0,4958.0,4981.35009765625,4972.18701171875,268668,35.99373020287236,4757.781489257813,5052.64109114407,4991.403015450771,0.3090890356886334,21.58330756025155
2023-08-10,4981.39990234375,4981.4501953125,4903.60009765625,4922.5,4913.4453125,370166,32.647227330577124,4763.718491210938,5028.97907457242,4959.515362719281,10.326321079518031,20.779237097342016
2023-08-11,4930.0,5012.0,4811.14990234375,4906.14990234375,4897.125,1066479,32.961145454931696,4769.5894921875,5006.646497803571,4931.5404434764905,24.2558292145269,21.027565105712366
2023-08-14,4863.0,4927.5498046875,4730.0,4820.85009765625,4811.982421875,832136,27.243154123739785,4774.332993164063,4972.8653341404215,4883.775792148415,33.953850814726685,21.95087122778482
2023-08-16,4800.0,4953.9501953125,4754.10009765625,4941.89990234375,4932.8095703125,667417,38.43368030255166,4780.6219921875,4967.235255631936,4889.737384313352,28.2029106182956,22.397445469964165
2023-08-17,4940.5,4960.0,4872.5498046875,4892.75,4883.75,375779,32.34121503711745,4786.8094921875,4953.692481880675,4879.204681368984,26.858846181143566,22.716116949334122
2023-08-18,4874.9501953125,4895.0,4825.10009765625,4848.35009765625,4848.35009765625,336848,20.06444134485868,4792.4419921875,4934.5393211125975,4857.923989156425,32.80877321889491,23.437020968588463
2023-08-21,4881.0,4945.4501953125,4840.0,4932.64990234375,4932.64990234375,243126,34.10375332241523,4799.037993164063,4934.195790427352,4871.229448266193,21.49226455839498,23.29810979643179
2023-08-22,4947.89990234375,4959.0,4906.14990234375,4919.64990234375,4919.64990234375,175172,41.37110353340432,4805.400991210938,4931.551083503061,4877.86931606951,18.570027248320446,22.960389614423836
2023-08-23,4958.0,4987.0,4911.0,4945.60009765625,4945.60009765625,597123,46.44452774791817,4811.675991210937,4934.105449712732,4892.273939620467,12.545741011147292,22.216486142761227
2023-08-24,4955.0,4983.5,4900.10009765625,4919.9501953125,4919.9501953125,534065,44.542174717708264,4817.5394921875,4931.531767094507,4895.200245785925,14.369668477676992,21.655999166683785
2023-08-25,4900.0,4913.10009765625,4846.0,4865.5,4865.5,249504,41.92037943010793,4822.5644921875,4919.525991259142,4879.977293595913,22.958097368638157,21.7490061811091
2023-08-28,4874.89990234375,4911.85009765625,4842.0,4905.4501953125,4905.4501953125,204098,42.440962308996795,4828.509995117188,4916.966755632479,4882.514810213477,23.568484258029105,21.878968900889102
2023-08-29,4906.0,4945.0,4858.89990234375,4878.39990234375,4878.39990234375,591619,39.9884155030539,4834.950493164062,4909.9546004890735,4876.029427301649,15.407910041014686,21.41675041089807
2023-08-30,4881.9501953125,4889.9501953125,4845.0,4874.5,4874.5,396122,42.365120810629904,4841.685991210938,4903.50830949106,4870.477111521155,17.857509320512563,21.162518904441963
2023-08-31,4887.4501953125,4911.7998046875,4805.7998046875,4814.10009765625,4814.10009765625,488260,42.25559479501548,4847.807490234375,4887.2522709756395,4846.92635021492,24.497785541507554,21.400752235660935
2023-09-01,4840.0,4849.9501953125,4801.2001953125,4840.35009765625,4840.35009765625,206097,45.64161499576812,4853.840991210937,4878.7246030993865,4838.753485123682,25.261237274496544,21.676501167006336
2023-09-04,4860.0,4870.0,4817.60009765625,4824.85009765625,4824.85009765625,354446,51.1060652483222,4859.376494140625,4868.929238473362,4828.211207253766,19.584850994593104,21.527097583262535
2023-09-05,4860.0,4992.0,4832.0498046875,4984.5,4984.5,800554,54.165158435132405,4866.0194921875,4889.942104205477,4873.8196960793575,7.795632132555465,20.54627862249774
2023-09-06,4980.0,5043.64990234375,4954.0,5033.10009765625,5033.10009765625,535407,62.04338578256079,4872.367495117188,4915.970830287436,4924.075999524031,16.511051495638426,20.25804811343636
2023-09-07,5029.9501953125,5044.89990234375,4987.0,5029.0498046875,5029.0498046875,334709,65.34733286941001,4878.790991210937,4936.53064381472,4959.983811530621,16.71622552399925,20.005060785619424
2023-09-08,5040.0,5049.7998046875,4977.9501953125,4985.14990234375,4985.14990234375,292671,54.78751825597549,4885.255991210937,4945.370509001816,4971.792081376995,14.521925974571984,19.613408299116035
2023-09-11,5004.0,5106.7998046875,5003.75,5095.9501953125,5095.9501953125,543287,63.64339884296959,4893.012495117187,4972.748633785576,5016.766567824709,24.18943814412509,19.940267573759538
2023-09-12,5111.0,5125.0,4966.0,4979.2001953125,4979.2001953125,483061,52.27982477820634,4899.320498046875,4973.92164497229,5010.896054702528,14.919427422996097,19.58163613441929
2023-09-13,4975.0,5021.2001953125,4945.0,5011.0,5011.0,232238,56.126755195272864,4905.8175,4980.663164068237,5016.430742198753,10.000425835548924,18.897263970214265
2023-09-14,5001.0,5100.0,4995.5,5084.5498046875,5084.5498046875,414391,64.3705105568383,4912.6725,4999.55164418083,5044.270237288829,23.27214273146183,19.209755310303375
2023-09-15,5084.5498046875,5150.39990234375,5061.7001953125,5091.7998046875,5091.7998046875,658355,62.773292170767526,4919.425498046875,5016.324037000225,5066.634843668092,30.3469709496789,20.005270713115912
2023-09-18,5100.0,5162.0,5067.35009765625,5075.14990234375,5075.14990234375,371912,63.68124980476894,4926.072998046875,5027.019648880866,5076.933991329645,31.903314383092784,20.855130975257115
2023-09-20,5051.4501953125,5059.7998046875,4929.0,5006.2998046875,5006.2998046875,509910,58.40559978874362,4931.96099609375,5023.252404482072,5061.009121068424,2.489712343065854,19.543315358672025
2023-09-21,4990.0,5046.9501953125,4975.4501953125,5020.0498046875,5020.0498046875,422586,63.96553059977101,4937.0244921875,5022.670113610331,5053.085552831377,2.489712343065865,18.3252008575573
2023-09-22,5013.0,5016.7998046875,4955.0,4989.5498046875,4989.5498046875,348459,60.05931009871629,4942.0119921875,5016.648239260725,5036.606610519176,1.2839884309895149,17.107971398516742
2023-09-25,5014.89990234375,5113.4501953125,4972.85009765625,5097.0498046875,5097.0498046875,386746,66.32675594668035,4947.82798828125,5031.266705701956,5059.55684563806,14.701298729314585,16.936066207859444
2023-09-26,5097.0,5097.0,5030.25,5053.7001953125,5053.7001953125,267102,54.82365914923453,4952.83298828125,5035.345521994782,5061.829213454815,14.701298729314589,16.776439959391954
2023-09-27,5054.0,5118.85009765625,5020.0,5105.35009765625,5105.35009765625,460768,55.014926020622575,4957.8614892578125,5048.073626660503,5080.156005308847,18.09076751930785,16.870320499385947
2023-09-28,5105.35009765625,5145.5,4995.0,5020.10009765625,5020.10009765625,407714,49.441724492300985,4961.811489257812,5042.987530477911,5065.0753979498895,22.153829048209676,17.24771396715907
2023-09-29,5054.0,5186.9501953125,5026.60009765625,5137.75,5137.75,410567,58.71702369669304,4967.258491210938,5060.217070391018,5092.385858251543,28.125692370571258,18.02471242454565
2023-10-03,5138.9501953125,5154.9501953125,5066.0,5118.9501953125,5118.9501953125,268482,51.46814977720928,4972.434995117187,5070.8958203767415,5105.9528967964,28.125692370571258,18.746210992118908
2023-10-04,5085.0,5096.85009765625,4982.2998046875,5047.39990234375,5047.39990234375,442482,54.61995584889658,4976.95599609375,5066.623835279834,5091.811637271176,8.612753477049672,18.02239259818539
2023-10-05,5054.9501953125,5079.85009765625,5026.64990234375,5047.0498046875,5047.0498046875,363289,52.55075600220561,4981.373994140625,5063.064920626682,5080.761282994292,8.61275347704968,17.35027551810427
2023-10-06,5050.0,5084.0,5028.7998046875,5060.25,5060.25,407753,48.1200826217757,4985.717993164062,5062.553116876376,5076.613210290536,9.40610591252476,16.782834831991448
2023-10-09,5000.0,5066.0,4987.0498046875,5047.2998046875,5047.2998046875,176296,46.58742331288344,4990.639990234375,5059.77978738749,5069.014412417258,0.0005149158930190778,15.584097695127273
2023-10-10,5068.9501953125,5084.5498046875,5033.0,5066.7001953125,5066.7001953125,202645,49.354738394053676,4996.485493164062,5061.0380433738555,5069.623127841603,3.9514761495427773,14.753196156156951
2023-10-11,5072.9501953125,5140.0,5065.0,5092.85009765625,5092.85009765625,336099,57.07052132504813,5002.993994140625,5066.822053243382,5078.578584973878,14.789421146343457,14.755783655455986
2023-10-12,5092.7998046875,5113.9501953125,4871.7001953125,4993.85009765625,4993.85009765625,1029595,48.1213469078218,5008.46099609375,5053.554424954812,5052.31807322548,19.36753726057132,15.085194627249937
2023-10-13,4988.9501953125,5029.10009765625,4933.75,5017.2998046875,5017.2998046875,410013,52.010141253169145,5012.58099609375,5046.962675815301,5040.55786601352,19.36753726057132,15.39107624391575
2023-10-16,5030.0,5049.4501953125,4986.39990234375,5021.7001953125,5021.7001953125,259806,43.583448927386975,5017.293999023437,5042.369497542064,5033.371143662504,15.182788749917078,15.376198565772986
2023-10-17,5050.0,5068.0,5012.2001953125,5028.7998046875,5028.7998046875,217907,47.74002786631261,5022.217495117187,5039.902280659416,5030.5213591267,11.35071663754794,15.08866414232834
2023-10-18,5021.0,5039.9501953125,4938.4501953125,4977.25,4977.25,341459,38.37145701522731,5026.30849609375,5028.510956903157,5011.515483484906,22.404032998238005,15.611190489179032
2023-10-19,4977.25,5019.9501953125,4935.14990234375,4997.0498046875,4997.0498046875,231958,47.625395247671776,5030.179995117188,5022.790747409402,5004.205188663214,22.867511789297875,16.129499153473237
2023-10-20,4990.10009765625,4999.9501953125,4940.5,4977.5498046875,4977.5498046875,252447,29.313001742779818,5033.550991210937,5014.565121459965,4992.628697618091,22.867511789297865,16.610785770317854
2023-10-23,4977.0,5010.5498046875,4944.14990234375,4969.5498046875,4969.5498046875,363474,30.154060098486383,5037.254990234375,5006.380518410426,4981.736041862907,20.193408969408555,16.86668742739576
2023-10-25,4960.0,4971.35009765625,4831.5,4859.89990234375,4859.89990234375,894230,27.38238841978287,5039.634487304687,4979.747679125575,4937.793511626363,36.10851872364215,18.24110394855622
2023-10-26,4859.89990234375,4859.89990234375,4726.0,4760.2998046875,4760.2998046875,836962,22.092457420924575,5039.094985351562,4939.848065591379,4872.87679020041,46.807195963578955,20.281539092486415
2023-10-27,4779.9501953125,4860.5498046875,4776.7998046875,4830.2001953125,4830.2001953125,333727,29.836118334443228,5037.723989257813,4919.912089177037,4848.8061558817835,46.644291637436886,22.164592845697165
2023-10-30,4840.0,4868.39990234375,4783.0498046875,4841.75,4841.75,234759,31.93920786947814,5036.6394873046875,4905.700800235757,4835.895800224048,44.55769677489291,23.76410026921115
2023-10-31,4832.0,4899.64990234375,4805.2001953125,4819.89990234375,4819.89990234375,276660,28.4076549578745,5035.437485351563,4890.100636982665,4820.223685220554,36.24660087669006,24.65570745545964
2023-11-01,4835.0,4856.0,4790.0,4796.5498046875,4796.5498046875,281746,23.949319007432834,5033.138481445312,4873.09139474718,4802.002690567329,38.110481141426924,25.61676271874302
2023-11-02,4837.7998046875,4895.0,4810.2001953125,4887.0,4887.0,214035,40.462365769486574,5032.741982421875,4875.620232065874,4819.52579554311,27.7875433937812,25.77181848124575
2023-11-03,4950.75,5165.5,4937.0498046875,5153.2001953125,5153.2001953125,1262458,58.46309157473515,5035.006982421875,4926.089316292533,4921.486755322992,17.99529990094179,25.216352868366897
2023-11-06,5141.0498046875,5228.0,5127.5,5164.9501953125,5164.9501953125,399720,58.83986423943227,5037.408984375,4969.518567023436,5001.285858646369,24.707478619634127,25.18000470774313
2023-11-07,5150.0,5181.9501953125,5121.0498046875,5136.85009765625,5136.85009765625,222204,56.49926192477565,5039.266987304687,4999.942481683947,5050.826195915856,23.58323134165127,25.065949467308
2023-11-08,5135.0,5153.64990234375,5087.4501953125,5110.9501953125,5110.9501953125,400498,58.29816894664428,5040.286489257813,5020.125702343684,5078.27137634594,17.634164287861033,24.535107668776075
2023-11-09,5147.5,5313.0,5122.0498046875,5297.60009765625,5297.60009765625,1032216,65.45324087068602,5041.074990234375,5070.575592400513,5159.426508448856,33.88849675819059,25.20320688944854
2023-11-10,5300.0,5338.0,5218.64990234375,5278.5,5278.5,696409,65.48016837790593,5041.8594921875,5108.380030145874,5212.007137795268,36.02167551307633,25.9759546482791
2023-11-13,5250.0,5279.0,5200.2001953125,5220.64990234375,5220.64990234375,150128,62.28593217010464,5042.615991210938,5128.792734181851,5230.279852833519,32.620759727829025,26.450583582532662
2023-11-15,5283.85009765625,5295.0,5207.0,5224.9501953125,5224.9501953125,356675,69.91434113420883,5043.2449951171875,5146.275908932878,5243.61523989872,34.158222111383,27.001129191736258
2023-11-16,5224.0,5368.0,5201.75,5338.75,5338.75,449045,81.07438025200165,5045.444995117187,5181.271198217809,5289.544978422986,40.79592144092582,27.9864714952498
2023-11-17,5332.2001953125,5493.35009765625,5306.14990234375,5478.9501953125,5478.9501953125,735541,82.40345106118961,5049.574497070313,5235.394652235025,5368.265116598803,50.09873074965788,29.565918584850376
2023-11-20,5475.0,5595.0,5455.0498046875,5473.9501953125,5473.9501953125,526567,81.78479509882959,5053.8594970703125,5278.76838734002,5422.96818690538,56.12009797357908,31.46264568404528
2023-11-21,5500.0,5520.2998046875,5422.39990234375,5466.7998046875,5466.7998046875,382979,83.01179139384232,5058.157993164063,5312.955917766834,5458.909187760431,49.86487241462564,32.7770904505153
2023-11-22,5467.0,5539.9501953125,5439.14990234375,5532.0,5532.0,302473,85.9932076113752,5062.049995117188,5352.782114536501,5504.783496433716,51.13388507908869,34.08829006684197
2023-11-23,5530.0,5550.0,5473.2998046875,5493.9501953125,5493.9501953125,234584,81.3102699914258,5065.561499023437,5378.449038313955,5523.814015684139,51.80576252406096,35.353823813786185
2023-11-24,5493.0,5493.0,5395.0,5401.2998046875,5401.2998046875,270183,65.5899989936156,5068.592495117187,5382.603723109144,5504.937992153542,36.10424392758213,35.4074252504859
2023-11-28,5401.2998046875,5424.85009765625,5341.0,5366.7998046875,5366.7998046875,362746,62.331194352900745,5071.575493164062,5379.730283396118,5477.470961939967,26.394675142448797,34.76365738562611
2023-11-29,5372.10009765625,5435.0,5364.5,5421.9501953125,5421.9501953125,277119,66.85982280994256,5074.695493164062,5387.406631017278,5473.656925152288,27.44243977259989,34.24071327040995
2023-11-30,5382.0,5550.0,5382.0,5528.9501953125,5528.9501953125,775261,72.5555415033093,5079.20849609375,5413.1418245255,5504.766314415416,38.179969408384586,34.522088708836705
2023-12-01,5550.0,5687.64990234375,5530.35009765625,5591.14990234375,5591.14990234375,546990,68.29765657052629,5082.289497070313,5445.506929583364,5546.952961813366,48.083496440052706,35.490760689637845
2023-12-04,5626.0,5658.25,5569.60009765625,5622.5498046875,5622.5498046875,936113,71.12157343302982,5087.052495117187,5477.696543238661,5587.034798962998,48.0834964400527,36.390241814667476
2023-12-05,5610.0,5689.0,5525.0,5580.2001953125,5580.2001953125,787929,72.50140718019424,5091.27099609375,5496.33357088845,5601.0406209218245,39.67517750688787,36.6248800783975
2023-12-06,5534.14990234375,5639.0,5508.75,5543.10009765625,5543.10009765625,574427,69.1253210443665,5094.1319970703125,5504.836575755322,5597.46298431007,36.63110950238989,36.62532503725411
2023-12-07,5490.25,5519.7998046875,5441.5,5461.39990234375,5461.39990234375,510609,57.66896564357614,5096.225498046875,5496.938998771399,5566.262588238439,24.534887270596855,35.76172233963573
2023-12-08,5495.0,5572.5498046875,5439.0498046875,5555.35009765625,5555.35009765625,456382,55.07033536081506,5099.958999023437,5507.559198568644,5572.9677534212415,29.785858186686603,35.33487490013936
2023-12-11,5550.0,5555.35009765625,5490.0,5547.35009765625,5547.35009765625,238128,54.85191810259962,5103.714501953125,5514.793907493663,5574.229305129895,29.785858186686603,34.93851656346416
2023-12-12,5550.0,5550.0,5403.2001953125,5428.9501953125,5428.9501953125,615205,47.818844445645006,5105.811005859375,5499.185959824361,5535.0447825245765,14.572056622639051,33.483769424833795
2023-12-13,5402.9501953125,5452.0,5369.39990234375,5426.75,5426.75,476781,43.45989256786113,5108.452504882813,5486.01578531084,5504.579224736318,9.203785194854218,31.74948483697811
2023-12-14,5494.7998046875,5532.9501953125,5452.10009765625,5515.89990234375,5515.89990234375,490550,51.28248288092335,5111.855502929688,5491.449261135005,5511.083100884713,18.99325274025735,30.838325401498054
2023-12-15,5530.0,5588.0,5500.0,5551.2001953125,5551.2001953125,349758,59.38754492014061,5115.4130029296875,5502.313067349095,5527.265686774021,24.921540107338927,30.415697880486693
2023-12-18,5550.5,5607.75,5494.0,5498.64990234375,5498.64990234375,428321,58.07459043796061,5118.3505029296875,5501.647037348123,5521.51788324045,26.98601731674501,30.170720697362288
2023-12-19,5508.7998046875,5675.35009765625,5503.7001953125,5555.5,5555.5,682732,58.161690455557874,5122.097504882812,5511.43848510301,5535.70763445073,33.70551833031863,30.423206242573457
2023-12-20,5555.5,5605.7998046875,5375.10009765625,5402.2001953125,5402.2001953125,437044,42.66875057190659,5123.997504882813,5491.576977868372,5495.183230506348,12.49534590179312,29.142644789660576
2023-12-21,5344.0,5553.0,5284.85009765625,5475.85009765625,5475.85009765625,487514,43.41821250900301,5127.198505859375,5488.717545102531,5489.32857954337,0.45207699373280547,27.09331851852288
2023-12-22,5510.0,5549.0,5462.7001953125,5541.39990234375,5541.39990234375,220537,45.54146056702953,5130.457504882813,5498.2961555100255,5506.633137658662,0.45207699373280535,25.190372695323592
2023-12-26,5541.39990234375,5645.0,5526.14990234375,5633.14990234375,5633.14990234375,243281,52.7593761689199,5133.319501953125,5522.815018570703,5549.69707374196,12.065553640950952,24.25288562001126
2023-12-27,5635.0,5715.0,5615.60009765625,5687.4501953125,5687.4501953125,307177,57.39005619991391,5138.459501953125,5552.748687069211,5599.234279162655,19.445159705121892,23.90947662609059
2023-12-28,5675.0,5770.0,5674.75,5760.5,5760.5,568149,65.44937741649916,5145.740502929688,5590.521653056627,5659.4604733046035,24.786144363913497,23.9720957502208
2023-12-29,5740.0,5758.9501953125,5677.2998046875,5704.10009765625,5704.10009765625,325682,57.99344235453897,5152.81400390625,5611.172279347467,5684.4727356065,24.78614436391349,24.03024207977028
2024-01-01,5741.0,5765.0,5707.85009765625,5750.0498046875,5750.0498046875,127030,60.465702574972916,5160.35150390625,5636.4227385002005,5717.055305655282,25.416982112802195,24.12929493927256
2024-01-02,5738.10009765625,5782.64990234375,5680.0,5746.35009765625,5746.35009765625,166449,68.58966916174258,5168.012006835937,5656.409531074028,5738.734461761316,20.410261334280936,23.86364968177316
2024-01-03,5730.0,5786.0,5673.0498046875,5768.2998046875,5768.2998046875,198997,69.55178374172083,5175.551005859375,5676.753217185567,5760.754812748246,19.132114216755518,23.52568286284333
2024-01-04,5768.2998046875,5839.9501953125,5731.5,5762.2001953125,5762.2001953125,220702,65.5807583319588,5182.939506835937,5692.289031390464,5773.728730291207,25.72312002270075,23.682642659976004
2024-01-05,5762.2001953125,5808.7998046875,5715.0,5754.25,5754.25,144894,63.305164571607015,5190.668505859375,5703.554662046743,5779.4044771388535,22.4364069831931,23.59362582592008
2024-01-08,5750.0,5774.85009765625,5640.0,5682.0,5682.0,157009,61.71194128262726,5198.263505859375,5699.635632583699,5758.4880935529345,8.54578751558413,22.518780232324655
2024-01-09,5702.2001953125,5849.0,5674.7001953125,5797.64990234375,5797.64990234375,329437,64.38716535218344,5207.178505859375,5717.456408903708,5780.189057594908,18.40229356435797,22.224745470327036
2024-01-10,5800.0,5819.2998046875,5721.2998046875,5800.89990234375,5800.89990234375,239740,78.82867329148864,5216.97900390625,5732.627953165533,5796.367747399827,18.402293564357958,21.951713191329244
2024-01-11,5804.0,5892.0,5802.25,5869.89990234375,5869.89990234375,213210,78.6853453485049,5226.25900390625,5757.586489379754,5830.157850655813,27.31040951891336,22.33447721472811
2024-01-12,5870.0,5922.0,5742.85009765625,5795.7001953125,5795.7001953125,250919,68.28187121282859,5235.288505859375,5764.516254094799,5829.562629905701,16.15277019449646,21.892926713282993
2024-01-15,5835.0,5924.14990234375,5804.0,5896.39990234375,5896.39990234375,375458,68.68483617636254,5245.76900390625,5788.495099230971,5861.333916369488,16.438222633316947,21.50330499328542
2024-01-16,5882.0,5967.4501953125,5829.0,5904.5498046875,5904.5498046875,347797,66.48946664945846,5255.488002929687,5809.595954768522,5886.455686958031,22.18427022690677,21.551945367115515
2024-01-17,5872.85009765625,5980.35009765625,5831.25,5925.89990234375,5925.89990234375,378205,63.6333999563717,5265.550502929687,5830.742127054927,5910.928776171584,23.863971456922563,21.71709008781602
2024-01-18,5959.0,6028.9501953125,5838.0,5990.85009765625,5990.85009765625,591170,73.30738261852449,5276.003002929688,5859.852667164258,5949.277640167339,29.99494509576423,22.308365445526608
2024-01-19,5987.0,6120.0,5951.0,6094.64990234375,6094.64990234375,326813,75.60184604088657,5287.75,5902.543073560529,6010.637474887272,39.778900609170854,23.556260814358343
2024-01-20,6120.0,6220.0,6073.0,6107.5,6107.5,249694,76.47148508884135,5300.17,5939.807969276795,6058.738303221076,48.321678804913645,25.325219242255148
