Date,Open,High,Low,Close,Adj Close,Volume,RSI,SMA,EMA,DEMA,DX,ADX,VWAP,Upper_Band,Lower_Band,MACD,Signal_line,%K,%D
2023-07-25,1164.0,1164.699951171875,1145.0,1156.5,1144.1651611328125,2557865,,,1156.5,1156.5,,,1155.3999837239583,,,0.0,0.0,,
2023-07-26,1158.0,1167.0,1139.449951171875,1143.199951171875,1131.0069580078125,3170213,,,1154.0818093039773,1152.1032896435952,,,1152.346767622178,,,-1.0609725560896095,-0.2121945112179219,,
2023-07-27,1111.0,1125.0,1082.300048828125,1099.9000244140625,1088.1688232421875,17594818,,,1144.2305756876292,1134.5516866430319,,,1114.6668904560006,,,-5.334253216827619,-1.2366062523398613,,
2023-07-28,1100.0,1100.0,1085.050048828125,1091.050048828125,1079.4132080078125,4244321,,,1134.5613889859012,1118.7311451934534,,,1111.1821736766847,,,-9.327456878485464,-2.8547763775689816,,
2023-07-31,1095.0,1119.0,1087.1500244140625,1115.5,1103.6024169921875,4766331,,,1131.0956818975556,1115.308085722361,,,1110.5976142523969,,,-10.399315985691828,-4.363684299193551,,
2023-08-01,1120.0,1154.5,1119.9000244140625,1143.5,1131.3037109375,3805214,,,1133.3510124616364,1122.279158779816,,,1113.6198193585676,,,-8.886962682384137,-5.268339975831668,,
2023-08-02,1143.0,1152.5999755859375,1125.5999755859375,1145.6500244140625,1133.430908203125,2357217,,,1135.5871964529865,1128.3580121607838,,,1115.3137335784909,,,-7.4292826461080494,-5.7005285098869445,,
2023-08-03,1140.0,1146.949951171875,1121.300048828125,1142.800048828125,1130.611328125,2348236,,,1136.8986241575572,1132.056823313131,,,1116.561490378401,,,-6.429909927720246,-5.846404793453606,,
2023-08-04,1153.949951171875,1181.8499755859375,1142.800048828125,1175.199951171875,1162.6656494140625,3580506,,,1143.862501796524,1145.5987464466025,,,1120.5957943843387,,,-2.989042683012258,-5.274932371365336,,
2023-08-07,1180.0,1192.8499755859375,1172.0999755859375,1183.6500244140625,1171.0255126953125,1694290,,,1151.0965968178944,1158.435965639989,,,1122.8834605793284,,,0.4149365586058593,-4.136958585371097,,
2023-08-08,1186.0,1208.9000244140625,1175.0999755859375,1205.4000244140625,1192.5435791015625,5137402,,,1160.969947289925,1175.0530812578456,,,1130.258665549832,,,4.812185975160219,-2.3471296732648343,,
2023-08-09,1206.949951171875,1236.5,1200.199951171875,1228.0,1214.9024658203125,3396984,,,1173.1572296008476,1194.651206556265,,,1135.9339168718388,,,10.005331736009339,0.12336260859000037,,
2023-08-10,1220.0,1239.199951171875,1215.5999755859375,1235.800048828125,1222.619384765625,3715680,,,1184.546833096716,1211.4515807386772,,,1141.9347410671464,,,14.58224092255341,3.0151382713826824,,
2023-08-11,1235.800048828125,1250.3499755859375,1215.300048828125,1220.449951171875,1207.4329833984375,2933959,,,1191.074672746745,1218.4286078038278,,,1146.0873198799927,,,16.777449834901972,5.767600584086541,82.20765400442373,
2023-08-14,1212.0999755859375,1221.199951171875,1203.0,1219.75,1206.740478515625,1842625,63.634380906329106,,1196.288368610973,1222.9346120920459,33.13664158357959,,1148.0880159922003,,,18.250310287163302,8.264142524701892,81.79114018297842,
2023-08-16,1221.0,1239.0,1220.0,1227.8499755859375,1214.7540283203125,2341456,68.66591501226517,,1202.026842606421,1228.5234296326653,38.13615982068615,,1150.9791916500346,,,19.842431938529444,10.579800407467403,86.6111218052322,83.53663866421145
2023-08-17,1225.0,1233.9000244140625,1214.550048828125,1231.75,1218.612548828125,2636308,85.18812199396339,,1207.4310530416171,1233.5317055100684,34.812427798917675,,1153.9108016522594,,,21.174809174897973,12.698802160953518,88.74774118128373,85.71666772316479
2023-08-18,1225.949951171875,1225.949951171875,1205.1500244140625,1210.800048828125,1197.885986328125,1794430,80.02003131516905,,1208.043597730073,1229.899849949361,29.04501662755368,,1155.4521255452894,,,20.306164931277635,14.220274715018343,75.76596900071357,83.7082773290765
2023-08-21,1205.0,1224.0,1204.3499755859375,1218.8499755859375,1205.85009765625,1175945,78.22996549499749,,1210.0083937038664,1229.4983422254784,28.54097689106836,,1156.4492218568182,,,20.036353314462986,15.383490434907273,75.85280813290836,80.12217277163522
2023-08-22,1218.8499755859375,1223.0,1209.25,1213.199951171875,1200.26025390625,1003208,71.68631220746674,,1210.588676879868,1227.0097755415518,28.54097689106836,,1157.2660251548305,,,19.145913737609362,16.13597509544769,71.21267299610187,74.27715004324126
2023-08-23,1213.199951171875,1218.8499755859375,1199.199951171875,1201.0,1188.1904296875,1569035,66.20785538484218,,1208.8452810835283,1220.854310700628,21.62026864204829,,1158.311478840522,,,17.256873363256773,16.36015474900951,61.75900535104339,69.60816216001787
2023-08-24,1206.199951171875,1216.5,1196.699951171875,1199.0999755859375,1186.3106689453125,1218843,66.57825685400101,,1207.0734073566937,1215.4492621760014,19.891040892231484,,1159.0567425608765,,,15.428627551309091,16.173849309469425,52.34771278328447,61.77313037680991
2023-08-25,1190.0,1197.199951171875,1178.449951171875,1189.5,1176.8131103515625,1213340,54.863931132080225,,1203.8782423827492,1208.1169886198647,7.83727664955339,,1159.5243367220219,,,13.05460639775606,15.550000727126752,22.23645292531949,45.44772368654912
2023-08-28,1189.550048828125,1196.300048828125,1182.300048828125,1184.75,1172.11376953125,950013,50.38380568196005,,1200.4003801313402,1201.0229215741908,7.837276649553402,,1159.872773563941,,,10.666930492291158,14.573386680159635,12.82395270971761,29.13603947277386
2023-08-29,1192.4000244140625,1207.9000244140625,1188.25,1198.0,1185.2225341796875,1419344,47.255209582373006,,1199.9639473801874,1200.1162181279403,14.19650627236338,,1160.563334261208,,,9.731663837100541,13.605042111547816,27.190601098462665,20.750335577833255
2023-08-30,1207.949951171875,1221.5999755859375,1194.550048828125,1197.199951171875,1184.430908203125,2016339,36.37171649230695,,1199.4614026150398,1199.174814782626,21.11908311379804,,1161.6628132267097,,,8.824181350737717,12.648869959385797,26.077877097817503,22.030810301999256
2023-08-31,1199.0,1214.5,1198.0,1201.949951171875,1189.1302490234375,2817747,34.60661850933727,,1199.9138659890098,1200.0495823411923,21.11908311379803,,1163.1225270195641,,,8.3915477064279,11.797405508794219,32.684272629264605,28.650916941848255
2023-09-01,1205.0,1229.9000244140625,1204.050048828125,1228.050048828125,1214.9520263671875,1686038,53.14833291080234,,1205.0295355961216,1209.3261241082716,28.626203314331505,23.88992416146795,1164.2641235886701,,,10.039018621994956,11.445728131434366,81.91586731340695,46.89267234682969
2023-09-04,1235.0,1266.0,1225.550048828125,1256.75,1243.3458251953125,3466873,62.441117825751085,,1214.4332563968267,1225.6426003800718,42.45229956818282,25.21580811909044,1167.602231011961,,,13.504822212039244,11.857546947555342,89.4346146874695,68.01158487671368
2023-09-05,1258.75,1266.5999755859375,1248.6500244140625,1254.550048828125,1241.16943359375,2199985,59.348784241145445,,1221.7272186570626,1236.866287401729,42.651136451189245,26.461188714240354,1169.7620096465419,1230.3101710935796,1150.9998305340248,15.890799606915152,12.664197479427305,86.33020598926778,85.89356266338142
2023-09-06,1254.550048828125,1259.5999755859375,1235.8499755859375,1248.949951171875,1235.6290283203125,1753376,55.951519953958645,,1226.6768063870284,1243.112979866273,32.159794150311996,26.86823195967404,1171.2490500402305,1235.6294644886525,1151.8438672170769,17.132331945342912,13.557824372610428,79.97728925047602,85.24736997573777
2023-09-07,1248.949951171875,1274.8499755859375,1238.6500244140625,1269.25,1255.7125244140625,2554884,70.31624055519865,,1234.4173870439322,1254.198367700781,38.00937486318852,27.664027881353643,1173.661471522395,1245.5153849436535,1150.3612833506174,19.52917933130834,14.752095364350012,94.19089816628657,86.83279780201012
2023-09-08,1272.0,1278.0,1259.050048828125,1262.949951171875,1249.479736328125,1731105,65.51720544947771,,1239.6051259762853,1260.0340783674505,39.176026325408706,28.486313484500435,1175.326537347522,1254.2391483305917,1152.5075150808668,20.681928467000034,15.938061984880019,84.88192722626466,86.35003821434242
2023-09-11,1265.0,1275.0,1263.5,1268.8499755859375,1255.3167724609375,1293853,69.54689064267419,,1244.9223713598583,1265.9874422664625,39.17602632540871,29.24986440170817,1176.5649634649958,1264.3427701089915,1154.2572217529876,21.820045224951173,17.114458632894248,90.80861885878109,89.96048141711077
2023-09-12,1271.800048828125,1283.800048828125,1251.550048828125,1266.0,1252.4971923828125,2335224,74.43606511447541,,1248.7546674762477,1269.1252404950608,28.533312339116108,29.198682111523024,1178.6727410615526,1272.3837512507512,1156.2495739445612,22.235722179739014,18.138711342263203,83.10390856380094,86.26481821628222
2023-09-13,1260.300048828125,1268.75,1253.9000244140625,1260.4000244140625,1246.9569091796875,1204376,72.42134697591126,,1250.872005101305,1269.271204719017,28.53331233911611,29.151155699208243,1179.6495520894412,1278.2355721020301,1158.1910880542198,21.86127476504248,18.88322402681906,77.7883220474886,83.90028315669021
2023-09-14,1262.0,1289.3499755859375,1262.0,1279.8499755859375,1266.199462890625,3288631,80.82560503816087,,1256.1407270076018,1275.5053900727,38.010434757742196,29.78396134624638,1182.7060400933003,1287.0253373887092,1158.347986178999,22.87033600353493,19.680646422162233,91.12563615153833,84.00595558760931
2023-09-15,1278.199951171875,1303.699951171875,1274.0,1300.050048828125,1286.18408203125,4316210,85.58637330229894,,1264.1242400658787,1286.5000205304584,43.61926986287973,30.772197668863047,1187.0517177902523,1298.5850232417154,1157.2716336593264,25.011682292288242,20.746853596187435,96.83854145740068,88.58416655214255
2023-09-18,1301.0,1302.0,1283.0,1289.800048828125,1276.04345703125,1967717,78.86790461549684,,1268.7925689317415,1290.919567474831,43.61926986287974,31.68984568272138,1188.903397119691,1306.0307998520914,1157.465863559367,25.586678019462397,21.714818480842432,87.2653094090964,91.74316233934513
2023-09-20,1282.0,1289.1500244140625,1269.050048828125,1274.3499755859375,1260.7581787109375,2843560,72.21425226788426,,1269.8030065052315,1288.73363605516,30.324771746290114,31.59234040154772,1191.1148193844404,1309.699276833613,1159.8440499893036,24.513102697849035,22.274475324243753,72.23274442368235,85.44553176339313
2023-09-21,1275.949951171875,1296.0,1265.9000244140625,1291.6500244140625,1277.8736572265625,2960250,74.0870277426939,,1273.7751915795643,1292.5138580903238,33.57626990244262,31.734049651611638,1193.4799519335095,1313.2067743244174,1162.0865524984993,24.772691709109495,22.7741186012169,87.90773851815192,82.46859745031023
2023-09-22,1290.050048828125,1320.0,1284.0,1305.3499755859375,1291.427490234375,3252940,72.23819966590538,,1279.5160613989049,1299.544772941714,43.52111704174612,32.575983036621246,1196.4480898323102,1316.8058169069318,1163.6441749550472,25.786637133818203,23.37662230773716,84.48911382981748,81.5431989238839
2023-09-25,1305.3499755859375,1314.4000244140625,1296.050048828125,1299.449951171875,1285.59033203125,2100302,64.13904570930357,,1283.1404049939904,1302.492904652268,43.521117041746116,33.35777832270159,1198.2837418650845,1315.9422755287337,1168.7510431561623,25.816516790985816,23.864601204386894,75.57927169811867,82.65870801536269
2023-09-26,1300.0,1303.050048828125,1279.1500244140625,1282.300048828125,1268.6234130859375,1141475,58.36093632315536,,1282.987612963833,1298.6964646595677,27.884646975461102,32.96684036932727,1199.115187827887,1310.4063707181865,1178.4102878104593,24.177638081390796,23.927208579787674,55.19912033967886,71.75583528920501
2023-09-27,1269.949951171875,1293.9000244140625,1264.0,1288.6500244140625,1274.9056396484375,1568115,61.90764152060635,,1284.0171423184202,1297.7121813595925,15.71385198694015,31.734484056299618,1200.1575499328985,1306.4097165051076,1187.000276984476,23.124638420257043,23.76669454788155,61.46283344262393,64.08040849347383
2023-09-28,1274.050048828125,1274.050048828125,1222.0,1229.5,1216.386474609375,6570797,40.33081118070959,,1274.1049346241618,1277.1999784534553,9.88948860513403,30.174127238359215,1202.240248651469,1299.9888630739752,1193.5311320432124,17.317589576705586,22.476873553646357,7.653061224489796,41.43833833559753
2023-09-29,1224.0,1231.6500244140625,1210.0,1222.800048828125,1209.758056640625,2861162,40.25250038043407,,1264.776773570337,1259.6769503866294,15.633285297938263,29.135495671186288,1202.6499082481268,1294.845520508095,1198.0778111976342,12.03608694680247,20.38871623227758,11.636408025568182,26.917434230893974
2023-10-03,1220.5999755859375,1230.699951171875,1212.550048828125,1216.199951171875,1203.228271484375,1622290,37.261056554700474,,1255.9446240433438,1244.5457372800433,15.633285297938274,28.171052073097144,1202.854652136992,1297.3691505535328,1195.9141746417797,7.234490635162729,17.757871112854613,5.636319247159091,8.308596165739022
2023-10-04,1210.0,1215.5,1186.050048828125,1205.0,1192.1478271484375,2340603,35.81395402222333,,1246.681965126372,1229.7770641152404,27.473376757544816,28.121218121986264,1202.8432959906058,1304.165827889509,1188.1941656000743,2.496668466917299,14.70563058366715,14.147038506613397,10.473255259780222
2023-10-05,1214.0,1223.949951171875,1199.5,1205.5999755859375,1192.7413330078125,2497613,36.952355211901505,,1239.2125124826566,1219.2698594923272,21.612595844845952,27.656316530761956,1202.964578261453,1309.7494131602193,1182.1039152903013,-1.1958912303157376,11.525326220870573,14.594948775104392,11.459435509625626
2023-10-06,1207.0,1223.0,1205.0,1216.9000244140625,1203.9208984375,1446719,34.40673676797981,,1235.155696470185,1215.519767286075,21.61259584484594,27.22462219605367,1203.0865948281387,1313.3377049405813,1179.5756251375437,-3.1738655455019398,8.58548786759607,23.030971878707902,17.25765305347523
2023-10-09,1203.25,1227.75,1202.1500244140625,1212.6500244140625,1199.7161865234375,1451064,26.492700025022415,,1231.0637560963444,1211.6500446398395,18.073461339715454,26.57096784917237,1203.198604123752,1317.1573835177592,1176.6592831489074,-5.02642245289303,5.863105803498251,19.858145040908834,19.161355231573708
2023-10-10,1215.199951171875,1231.449951171875,1213.0,1227.75,1214.6551513671875,1503359,33.73522031984072,,1230.461254987918,1214.0843537984288,15.259726545449759,25.763022041763612,1203.4145763400054,1319.758009439969,1176.6086572266977,-5.216018302792236,3.6472809822401535,31.130993932479008,24.673370284031915
2023-10-11,1230.0999755859375,1238.9000244140625,1222.0,1231.5999755859375,1218.464111328125,1622663,38.06864319053847,,1230.6682950966488,1217.4384087578464,9.596340675988154,24.608259087065363,1203.7174803316584,1321.9739433648506,1177.5160550075452,-4.997999696253601,1.9182248465414027,34.005183547522236,28.331440840303358
2023-10-12,1232.0,1232.0,1189.300048828125,1198.75,1185.9644775390625,2452842,26.14276570530491,,1224.8649687154398,1209.2923401263397,26.635742344532176,24.753079319741563,1203.7661947982892,1326.0480543504073,1173.4919440219887,-7.3907410091399015,0.056431675405141934,9.481116686320647,24.87243138877396
2023-10-13,1187.0,1202.949951171875,1180.0,1194.0999755859375,1181.364013671875,3266079,20.037697125660628,,1219.2713336009847,1201.9534814798942,30.639810049502685,25.17356008615307,1203.5218577054004,1330.0472211456402,1169.2861121876933,-9.552113033643991,-1.8652772664046848,10.491051357623263,17.992450530488714
2023-10-16,1195.300048828125,1198.25,1180.800048828125,1184.5999755859375,1171.96533203125,2638043,19.656539314121787,,1212.9674503255214,1193.6405759101594,30.639810049502685,25.564006512106612,1203.2561070811155,1332.8908354263694,1165.2858328679013,-11.894474442772434,-3.8711167016782353,3.7382964328301056,7.903488158924671
2023-10-17,1190.0,1203.0,1188.449951171875,1197.5999755859375,1184.82666015625,1163897,27.12044725687207,,1210.1733640092334,1192.0743961378835,26.54859817458215,25.634334487997723,1203.2047142751312,1329.9138858575006,1166.2327775539575,-12.557071279636148,-5.608307617269818,15.452126262902317,9.893824684451895
2023-10-18,1200.0,1202.0,1178.050048828125,1187.0999755859375,1174.438720703125,2337078,23.17041128542752,,1205.978202477725,1187.7375511481139,31.59936045392661,26.06040777127836,1202.996320125822,1326.9856426930985,1164.5176857574222,-13.770706165730417,-7.2407873269619385,9.42700703938802,9.539143245040147
2023-10-19,1170.550048828125,1185.449951171875,1167.800048828125,1172.1500244140625,1159.648193359375,3107691,30.230967627784167,,1199.8276246479682,1179.871164426667,36.25203278244498,26.78838098636169,1202.4613164829539,1326.2766902544754,1159.733303235108,-15.75721728204212,-8.944073317977976,6.11811122309001,10.33241484179345
2023-10-20,1170.0,1176.0,1148.4000244140625,1170.699951171875,1158.213623046875,2962470,31.366215133253547,,1194.5316840159512,1173.8706287723276,44.014204612310664,28.018796959643762,1201.7885499020222,1321.902460328009,1158.8908664949076,-17.249706565913584,-10.605199967565099,24.64080304730663,13.395307103261553
2023-10-23,1164.0999755859375,1170.949951171875,1151.550048828125,1155.949951171875,1143.6209716796875,1203959,29.638414149526426,,1187.5168234988464,1164.872892421887,44.014204612310664,29.1613260776914,1201.4817475478428,1313.3769886612922,1159.8630015730828,-19.399096100959014,-12.363979194243882,8.342460505870166,13.033791592088937
2023-10-25,1162.0,1165.9000244140625,1136.5,1142.1500244140625,1129.9681396484375,1555285,29.126535054648926,,1179.2683145743401,1153.9926818458682,49.54199981933052,30.617088487808477,1200.987064123691,1305.014912173473,1160.171749610381,-21.962867288857524,-14.283756813166612,5.517600651359403,12.833621401512067
2023-10-26,1100.050048828125,1120.0,1098.1500244140625,1115.449951171875,1103.5528564453125,7099401,24.48347540379021,,1167.664975773892,1137.4912717956847,60.298926503920455,32.73721977467362,1197.3376916060886,1301.84294054182,1153.117052947763,-25.85115121563217,-16.597235693659727,12.291244588143872,8.71710191512448
2023-10-27,1119.949951171875,1125.949951171875,1114.050048828125,1120.550048828125,1108.5986328125,1382498,21.73665663845449,,1159.0986254201162,1127.402217330312,54.78550180563894,34.31209706259971,1196.7318156981883,1292.0510195509207,1153.2123105272042,-28.19608210060528,-18.917004975048837,15.914759796847248,11.24120167878351
2023-10-30,1120.550048828125,1138.9000244140625,1115.5,1126.9000244140625,1114.880859375,2255915,25.152185805049143,,1153.2443343281063,1122.5210349975314,43.23788805997148,34.94965356241198,1195.8508489939306,1290.5234500936147,1145.8398799845102,-29.205405030972543,-20.974684986233576,20.426287744227352,16.210764043072825
2023-10-31,1126.9000244140625,1137.1500244140625,1115.550048828125,1133.1500244140625,1121.064208984375,1194765,21.105742016643944,,1149.5908234346437,1121.4643423422492,43.23788805997148,35.54167031223766,1195.4033405445005,1286.9286099231924,1139.654723410141,-29.16478447748841,-22.612704884484543,24.866785079928952,20.402610873667854
2023-11-01,1130.949951171875,1138.0,1119.949951171875,1125.0999755859375,1113.0999755859375,1288497,18.284734587575116,,1145.1379420076062,1118.482099946253,42.4290452560461,36.033625665366834,1194.9207007790899,1283.1050068214397,1131.814988295748,-29.442766178540978,-23.97871714329583,20.134446087046136,21.809172970400812
2023-11-02,1125.0,1130.0,1113.800048828125,1115.5,1115.5,2493118,24.095825409062883,,1139.7492252789505,1113.5309499053067,44.85540728993166,36.66375292426432,1193.8984215025082,1280.6337973119084,1122.666194550071,-30.09083802891564,-25.201141320419794,16.547429304565792,20.516220157180296
2023-11-03,1124.0,1136.0,1116.0,1133.0999755859375,1133.0999755859375,1108121,33.80503569717004,,1138.5402707893118,1116.0998099920807,38.71302114769586,36.810129225938006,1193.5046033266467,1276.0316803825713,1117.8516448127411,-28.851684440115605,-25.931249944358957,33.33329452540425,23.338389972338728
2023-11-06,1137.5,1144.800048828125,1134.3499755859375,1142.1500244140625,1142.1500244140625,572330,39.972032198280715,,1139.1965896301754,1121.373200756784,30.00572349423382,36.324100245101995,1193.3403868717162,1268.354881818684,1115.5617767099618,-26.83010226955139,-26.111020409397444,41.96472126398977,30.615148364653276
2023-11-07,1142.0,1150.300048828125,1136.550048828125,1149.0,1149.0,902481,37.44240893252003,,1140.9790278792343,1127.8546137320534,24.735622361733935,35.49635182486142,1193.107045434089,1259.9057848482078,1113.5875419747088,-24.394048644509894,-25.767626056419935,48.96484115574812,41.42095231504738
2023-11-08,1151.75,1152.8499755859375,1137.050048828125,1139.1500244140625,1139.1500244140625,806162,37.584147427753685,,1140.6464817946576,1129.6362416050376,22.26108272596526,34.550975460654556,1192.8907268347616,1248.024432113896,1114.7822329251665,-22.993217803888456,-25.212744405913643,46.96452966534808,45.96469736169533
2023-11-09,1140.0,1141.0,1117.199951171875,1123.949951171875,1123.949951171875,6042108,37.476146264085266,,1137.6107489541516,1126.1185892022306,33.346378646336895,34.46493283106044,1190.8369078528312,1234.1149537429706,1118.1350381190086,-22.84621124660839,-24.739437774052593,33.140571417819295,43.0233140796385
2023-11-10,1122.0,1139.75,1121.5,1138.1500244140625,1138.1500244140625,706806,43.53981229566381,,1137.7087990377718,1128.3863456727984,33.34637864633688,34.385036103580184,1190.6260469228114,1224.8483150612326,1117.3683434674133,-21.337910109800077,-24.059132241202093,54.94511022390199,45.016737102356466
2023-11-13,1140.5999755859375,1142.1500244140625,1128.0,1131.3499755859375,1131.3499755859375,435537,45.8401681743319,,1136.5526493192565,1127.979246796402,30.732326941952405,34.124128306321055,1190.4984517951164,1217.4962567582945,1118.1770668094139,-20.45547966571462,-23.3384017261046,49.00361796586716,45.696433202529484
2023-11-15,1145.0,1178.8499755859375,1143.5,1173.75,1173.75,2816201,62.421013917065565,,1143.3158039884825,1141.8346921082411,1.1718821153686512,31.77039643553874,1190.1385865763925,1214.259618509958,1118.143701802542,-16.14866777289376,-21.900454935462434,93.6803238268688,65.87635067221265
2023-11-16,1175.0,1214.949951171875,1167.4000244140625,1207.199951171875,1207.199951171875,2294942,78.27626973581236,,1154.9311034763718,1163.222711518993,21.47263412160042,31.034841984543146,1190.212152116944,1216.3203900915005,1115.4829302209996,-9.92198237565799,-19.504760423501544,92.33810431802274,78.34068203691957
2023-11-17,1212.199951171875,1213.949951171875,1198.0,1202.75,1202.75,1176628,75.76948829078779,,1163.6254482988497,1177.5230460975672,21.47263412160042,30.351827137190096,1190.2984997792903,1219.3768837770715,1112.2764365354285,-5.285435991241911,-16.66089553704962,87.9387415220487,91.31905655564675
2023-11-20,1204.9000244140625,1222.5,1202.75,1211.800048828125,1211.800048828125,1077366,76.1311305776507,,1172.3844665768997,1190.9216979124367,25.66679891559059,30.0171822642187,1190.4165655347122,1226.2011256964056,1105.8655328322402,-0.8706400742423739,-13.50284444448817,90.15643424259099,90.14442669422083
2023-11-21,1219.949951171875,1221.1500244140625,1200.4000244140625,1204.5,1204.5,1129326,72.36111692716784,,1178.2236544720088,1198.167997478901,23.7110531279748,29.566744468772708,1190.5185122093937,1230.220881563193,1101.019108671182,2.0158273624651883,-10.399110083097499,83.4406549350343,87.17861023322466
2023-11-22,1205.0,1218.0,1204.0,1215.4000244140625,1215.4000244140625,750622,76.99206254114634,,1184.982994461473,1206.8314623675828,23.71105312797479,29.148480801572852,1190.5996275646578,1236.701709917079,1094.7216136506295,5.1238499243982005,-7.29451808159836,93.46828079553494,89.02178999105341
2023-11-23,1215.0,1220.9000244140625,1206.949951171875,1210.9000244140625,1210.9000244140625,651637,74.89559368726464,,1189.6951817255801,1211.4266268648487,25.37329338994668,28.87882455788527,1190.6710006981707,1240.540811485725,1089.7591803762543,7.141544525064546,-4.407305560265779,89.10800414465963,88.67231329174297
2023-11-24,1212.050048828125,1214.949951171875,1195.0999755859375,1197.8499755859375,1197.8499755859375,884921,67.30817925284342,,1191.1778715183723,1210.1712546446038,14.404110182804242,27.844916388236623,1190.722729159515,1239.0929721099048,1088.9570197520745,7.59994472419703,-2.0058555033732173,76.59068092713113,86.38898862244191
2023-11-28,1195.0999755859375,1209.0,1186.0,1202.4000244140625,1202.4000244140625,910795,66.50230164525507,,1193.2182629539523,1210.4277148681617,6.684787308465107,26.33347859682437,1190.7599966355672,1239.0581056962678,1089.2352211266489,8.235447980756135,0.042405193452653256,80.91171294825752,82.20346600668277
2023-11-29,1207.0,1234.5999755859375,1206.6500244140625,1221.699951171875,1221.699951171875,1898448,68.64098978241464,,1198.3967517208473,1216.7141577326602,22.522643054760405,26.061276058105516,1191.0365824539622,1242.0093211066114,1088.124004088701,10.179093430469493,2.069742840856021,89.0119065320081,82.17143346913225
2023-11-30,1222.0,1228.300048828125,1208.699951171875,1220.949951171875,1220.949951171875,2978406,72.00102436477893,,1202.497333439216,1220.8393234002735,22.522643054760408,25.80851655786658,1191.4368610910167,1244.6284909717892,1087.9281659292524,11.526062447419235,3.9610067621686644,88.37306509756785,86.09889485927783
2023-12-01,1226.800048828125,1226.800048828125,1211.550048828125,1220.550048828125,1220.550048828125,1017856,78.22911821193848,,1205.7796453281085,1223.4722559326133,22.5226430547604,25.57381130764471,1191.5725937247944,1244.6477779400107,1089.4388838438435,12.41812787262279,5.65243098425949,87.5774272407894,88.32079962345512
2023-12-04,1238.0,1249.199951171875,1218.0,1223.9000244140625,1223.9000244140625,1581599,76.75507020280811,,1209.0742597073727,1226.2456256031837,34.64491306864064,26.22174714771585,1191.8606170523683,1242.5339788290466,1094.0060195433493,13.242756923468278,7.170496172101248,79.12546456232941,85.02531896689557
2023-12-05,1224.0,1226.25,1208.8499755859375,1220.5999755859375,1220.5999755859375,1499843,78.4688995215311,,1211.1698444125661,1226.9337130861154,25.974260482597693,26.204069528778838,1192.0473298934655,1241.9171057814776,1097.85288933571,13.474667447972934,8.431330427275586,72.9423000967786,79.88173063329914
2023-12-06,1223.0,1247.0,1218.6500244140625,1225.199951171875,1225.199951171875,2637916,71.62672227478814,,1213.7207729142585,1228.7056069667292,36.03409657490224,26.906214317787654,1192.5117859658028,1242.1876889632695,1101.2156394872513,13.869755883451944,9.519015518510859,70.660120428888,74.24262836266534
2023-12-07,1226.0,1231.0,1220.0999755859375,1223.25,1223.25,1076885,59.176705425815555,,1215.4533596571205,1229.1312493987562,36.03409657490225,27.558205907581556,1192.6710259090387,1242.6831632043993,1105.2068351679966,13.865686548438816,10.38834972449645,58.93991895452104,67.51411316006256
2023-12-08,1230.0,1237.949951171875,1217.25,1225.300048828125,1225.300048828125,2642571,63.256928795946784,,1217.2436667791212,1229.8994642130056,39.24146228725586,28.392724220415435,1193.079730770325,1241.181124616529,1112.2522087168045,13.868021459735473,11.084284071544255,62.183669606400194,63.92790299660309
2023-12-11,1231.0,1240.5,1225.300048828125,1233.300048828125,1233.300048828125,1558876,62.797619047619044,,1220.1630089698492,1232.9063050263503,40.42188652342241,29.251950099201647,1193.3597253135224,1235.8021395711917,1125.4878669392251,14.349987313774363,11.737424719990276,74.84190723421679,65.32183193171268
2023-12-12,1237.949951171875,1245.0,1218.6500244140625,1226.1500244140625,1226.1500244140625,1114846,62.9099765758867,,1221.2515572324332,1232.5685207662302,33.156597105682536,29.530853456807424,1193.5421121127365,1229.9267075956006,1138.4032972872117,13.993690951984718,12.188677966389164,63.52856872448014,66.85138185503239
2023-12-13,1226.0,1233.949951171875,1197.050048828125,1216.0999755859375,1216.0999755859375,3025706,50.42165733245482,,1220.3149060239793,1228.8078888356238,12.750844248571786,28.33228137050488,1193.837999859148,1214.0868609165163,1160.1898073777543,12.753355822390631,12.301613537589459,47.62658044478439,61.999018801160446
2023-12-14,1235.0,1269.800048828125,1230.1500244140625,1264.699951171875,1264.699951171875,5287733,71.16441270338252,,1228.3849142326876,1241.936452340249,31.51086728364021,28.55932322144312,1195.2301161013875,1220.3754041209584,1162.6712592904998,15.513167026032534,12.943924235278075,93.91396815685589,68.35637244204014
2023-12-15,1270.0,1324.800048828125,1262.5,1306.0999755859375,1306.0999755859375,5900381,84.81828047675363,,1242.514925387824,1265.1634656936676,49.46368846070614,30.052492167104763,1197.775423654494,1245.6061981641333,1149.5071319139915,20.801190092958677,14.515377406814197,86.52732949298624,76.02262603154217
2023-12-18,1305.0,1333.050048828125,1286.449951171875,1291.75,1291.75,2671348,77.03480834762105,,1251.4667571354921,1277.3216069974565,51.51664450170049,31.58564590529017,1198.952813814233,1259.1901452381212,1147.6731848400036,23.56245011183819,16.324791947818998,69.63231703814338,83.35787156266184
2023-12-19,1300.0,1300.949951171875,1269.199951171875,1281.449951171875,1281.449951171875,1717860,69.12,1205.9964978027344,1256.918246960289,1282.532524885821,38.818418949941176,32.102272551336675,1199.5551826490785,1268.3818847225168,1148.371443728004,24.635656201743814,17.986964798603964,62.05875172334559,72.73946608482507
2023-12-20,1291.0,1314.0,1238.199951171875,1248.5999755859375,1248.5999755859375,2860865,57.34006583437192,1206.9174975585938,1255.405833983134,1275.1255416681697,19.444935688812354,31.198177061156365,1200.3418879503881,1270.9702139531462,1152.879777908833,22.57522809208831,18.904617457300834,37.90435791015625,56.531808890548405
2023-12-21,1232.0,1258.550048828125,1226.0,1250.0999755859375,1250.0999755859375,3337533,57.79886918281545,1207.9864978027344,1254.441132456371,1269.7861374949578,12.774523072039273,29.88220177621943,1200.9404510926954,1274.1015647916554,1156.4884254427195,20.823323127633557,19.288358591367377,39.00729908662684,46.32346957337622
2023-12-22,1260.0,1280.9000244140625,1242.5,1275.1500244140625,1275.1500244140625,2297352,62.135913910860694,1209.7389978027343,1258.2063855395875,1273.8420512756086,21.43097579794027,29.27854277777092,1201.5384246716226,1279.9713373692462,1159.6853195317954,21.211739678778486,19.6730348088496,57.42645263671875,44.77936987783395
2023-12-26,1275.0,1288.75,1260.550048828125,1282.0,1282.0,1720830,64.29902269870249,1211.6484973144532,1262.5324972596623,1278.8648606328318,24.273602568206144,28.921047048516293,1202.0536401477218,1284.9639924042042,1165.2293344187126,21.820762212271347,20.10258028953395,62.46319939108456,52.96565037147672
2023-12-27,1287.9000244140625,1291.5,1267.25,1280.1500244140625,1280.1500244140625,1584695,62.96297576160733,1213.2949975585936,1265.7356840150078,1281.7193159383382,25.293313390213267,28.66192321578036,1202.5377291140392,1288.696136603628,1170.9638568859555,21.901670563995594,20.46239834442628,61.10292322495404,60.33085841758578
2023-12-28,1285.0,1289.0,1270.550048828125,1285.949951171875,1285.949951171875,2284964,64.5273255294332,1214.7194970703124,1269.4110053162563,1285.4956034090935,25.293313390213285,28.421308228239848,1203.2448112687557,1295.0704333870583,1174.8962251415876,22.178140830910024,20.805546841723032,65.36757525275735,62.977899289598646
2023-12-29,1285.949951171875,1291.949951171875,1268.0999755859375,1272.6500244140625,1272.6500244140625,1187193,60.42721666156809,1215.9894970703126,1269.9999178794935,1283.6418811435547,26.52422093039825,28.285801992679733,1203.5875567481135,1297.5362589519843,1179.0237345375988,21.081043425950156,20.86064615856846,55.5882173426011,60.686238606770836
2024-01-01,1273.0,1303.800048828125,1265.25,1297.1500244140625,1297.1500244140625,1776828,63.108190266349425,1217.532996826172,1274.9363008857788,1290.1367660160622,31.41299094336354,28.50917263201429,1204.1712105937995,1301.6901608658243,1180.8665041732381,21.93567032034389,21.07565099092355,73.60292322495404,64.8529052734375
2024-01-02,1298.0,1299.0999755859375,1272.8499755859375,1278.0999755859375,1278.0999755859375,1615064,60.168322783691075,1218.5619970703126,1275.5115144676258,1288.418887959369,31.412990943363546,28.716588225682095,1204.6614944866292,1302.8972264747044,1184.682770270087,20.835608632279445,21.02764251919473,59.59553438074449,62.92889164943321
2024-01-03,1265.0,1274.0,1240.0,1244.199951171875,1244.199951171875,2231707,55.03043017449547,1219.1674963378907,1269.8185029593076,1275.721162763928,8.255659755031777,27.25509333492136,1205.0693222426619,1301.6292983497706,1188.1106918846044,17.032018654101194,20.228517746176024,17.001347847207494,50.06660181763534
2024-01-04,1250.0999755859375,1254.699951171875,1231.699951171875,1247.5,1247.5,3355191,46.32479675814636,1219.58849609375,1265.7605933303423,1267.2699343831514,3.3024022372537862,25.544186827945104,1205.5675891046076,1300.9921893866335,1191.6144675144083,14.121152695616956,19.007044736064213,20.084063702315056,32.22698197675568
2024-01-05,1254.9000244140625,1271.8499755859375,1245.550048828125,1248.300048828125,1248.300048828125,1756868,35.05689776076116,1219.7914965820312,1262.5859488753936,1261.2234279100066,12.237850163344337,24.593734209045046,1205.8929658614136,1299.4876096415521,1195.3123822204273,11.743456450095437,17.554327078870458,20.831423312967384,19.30561162082998
2024-01-08,1250.199951171875,1254.25,1221.4000244140625,1228.949951171875,1228.949951171875,1320667,34.17338647653901,1219.7229956054687,1256.4703129292993,1250.351820910815,1.557167450471699,22.948265154861236,1206.0349545892636,1299.5599164624246,1196.4434038500754,8.203162923902028,15.684094247876772,8.15327078656277,16.35625260061507
2024-01-09,1240.550048828125,1251.199951171875,1232.5999755859375,1235.6500244140625,1235.6500244140625,994439,38.24438229530838,1219.8749963378907,1252.684805926529,1244.581534000048,1.5571674504717108,21.4203296045477,1206.1591531775994,1300.5457030984667,1197.9776204692416,5.870424118723804,13.721360222046178,15.38877295575016,14.791155685093438
2024-01-10,1236.5,1246.449951171875,1228.300048828125,1240.9000244140625,1240.9000244140625,808638,47.69738571253351,1220.0864965820313,1250.5421183788076,1242.1590606271875,3.9938274106738767,20.175579447842427,1206.2556998250911,1299.9867824543544,1201.1032077800205,4.3946837543394395,11.856024928504832,23.665041532041226,15.735695091451385
2024-01-11,1240.9000244140625,1261.800048828125,1240.9000244140625,1249.4000244140625,1249.4000244140625,930492,49.79909575571389,1220.3019970703126,1250.334464930672,1243.3057012217812,5.042175265770467,19.094622006265862,1206.4076155268574,1296.1656367536282,1206.771025030226,3.8664577280630965,10.258111488416484,33.980572456264326,24.34479564801857
2024-01-12,1271.800048828125,1311.75,1267.0,1308.050048828125,1308.050048828125,5023455,57.91626500397404,1221.0649975585939,1260.8282074574818,1263.6631901266883,27.207106175536378,19.674085161213753,1208.023695477974,1302.9538989926496,1205.7894359682878,8.087177658135715,9.82392472236033,95.90486754658197,51.183493844962506
2024-01-15,1335.0,1401.5,1333.8499755859375,1337.6500244140625,1337.6500244140625,6012767,62.068961865696814,1222.333497314453,1274.7958105404964,1288.5433807014047,49.8557009664103,21.829914861584935,1211.2001683169085,1313.688811477338,1202.8611885226621,13.663099557120631,10.59175968931239,64.54748237571498,64.81097412618709
2024-01-16,1330.0999755859375,1332.199951171875,1310.5,1320.4000244140625,1320.4000244140625,1883106,58.1825509324884,1223.3489978027344,1283.0874857902356,1301.1195956716747,37.8396160515779,22.973464946584432,1211.9255140475148,1320.7123625024988,1202.2709708308344,16.499926121201497,11.77339297569021,54.969468861899216,71.80727292806539
2024-01-17,1306.0,1334.5,1305.25,1326.75,1326.75,2313059,58.275863776599174,1224.4844982910156,1291.0261247374654,1312.274919233649,35.21436934626071,23.847815260847025,1212.8125853558308,1329.2497198518552,1200.8102817757492,19.041028448961015,13.226920070344372,58.49527477346499,59.33740867035973
2024-01-18,1326.699951171875,1369.5,1306.0,1355.1500244140625,1355.1500244140625,4533782,65.76832802153959,1226.0259985351563,1302.6850155877555,1329.6094854166888,43.00742489542179,25.216358806173794,1214.8425681766423,1342.200365730963,1196.522974112787,23.0804578219861,15.19762762067272,74.26430767958607,62.57635043831675
2024-01-19,1373.9000244140625,1397.8499755859375,1355.0,1389.9000244140625,1389.9000244140625,4463826,67.05901846342027,1227.9339990234375,1318.542289919811,1353.5455351424382,48.41972717725525,26.873742261251042,1217.343212311268,1361.8637102541545,1187.9696312171998,28.754307526527327,17.90896360184364,93.5591464972729,75.43957631677466
2024-01-22,1389.9000244140625,1389.9000244140625,1389.9000244140625,1389.9000244140625,1389.9000244140625,0,72.1123258037413,1229.937999267578,1331.5164234642202,1370.7706424554317,48.41972717725524,28.41274118382277,1217.343212311268,1378.931748704244,1181.8749244728392,32.871946952859844,20.901560272046883,93.5591464972729,87.12753355804396
2024-01-23,1396.5,1416.300048828125,1356.75,1366.6500244140625,1366.6500244140625,2683661,75.28390201114587,1231.7569995117187,1337.9043509096462,1375.247925266895,31.48630226612318,28.632281261129943,1218.8015623587848,1388.8796323650438,1180.8170391844353,33.868707791691804,23.494989775975867,74.5253883044254,87.21456043299041
2024-01-24,1372.949951171875,1410.5,1365.550048828125,1407.949951171875,1407.949951171875,2008135,78.63642107373016,1233.8564990234374,1350.6399145936878,1391.613754809289,31.486302266123168,28.836139904343746,1219.974286375805,1406.1514525762966,1175.66521409037,37.558258642776536,26.307643549336003,95.715702098369,87.93341230002243
2024-01-25,1348.0,1356.3499755859375,1312.050048828125,1322.050048828125,1322.050048828125,8424862,60.09582477754962,1235.105,1345.4417571817673,1374.712770384779,8.348795392779989,27.372758153517765,1222.9726825664113,1409.784635813455,1179.0953690693575,33.16850418081685,27.679815675632174,51.64187368198213,73.96098802825884
