Date,Open,High,Low,Close,Adj Close,Volume,Dividends,Stock Splits,RSI,SMA,EMA,DEMA
2022-01-19,319.5,330.45001220703125,318.0,324.6000061035156,202.4707489013672,37369055,0.0,0,,,324.6000061035156,324.6000061035156
2022-01-20,324.95001220703125,329.29998779296875,324.25,327.1499938964844,204.06134033203125,7463125,0.0,0,,,325.06364024769175,325.442977274745
2022-01-21,324.95001220703125,328.20001220703125,318.6000061035156,323.29998779296875,201.65989685058594,10563621,0.0,0,,,324.7429761650148,324.7909813013227
2022-01-24,322.0,325.75,310.25,312.1000061035156,194.673828125,10949389,0.0,0,,,322.4442543356513,320.6027588595149
2022-01-25,310.54998779296875,319.0,307.20001220703125,318.04998779296875,198.38514709472656,7732802,0.0,0,,,321.6452967824363,319.48492612205786
2022-01-27,315.0,332.0,312.04998779296875,328.20001220703125,204.71627807617188,13373574,0.0,0,,,322.8370632232717,322.04456886182743
2022-01-28,330.8999938964844,335.8999938964844,323.1499938964844,327.6499938964844,204.37322998046875,15967353,0.0,0,,,323.7121415274922,323.7797102079455
2022-01-31,330.0,330.6499938964844,315.5,321.75,200.69305419921875,14273583,0.0,0,,,323.35538852249357,323.1187831660475
2022-02-01,323.8999938964844,339.0,322.0,338.1499938964844,210.92262268066406,12026843,0.0,0,,,326.04531677231006,328.052580957795
2022-02-02,339.0,344.0,336.1499938964844,343.25,214.10377502441406,8070763,0.0,0,,,329.1734409955264,333.37512242082744
2022-02-03,335.0,351.79998779296875,329.1499938964844,345.29998779296875,215.38246154785156,15147036,0.0,0,,,332.10554041324315,337.9422701938941
2022-02-04,345.0,362.75,343.6000061035156,356.3500061035156,222.27500915527344,20184671,0.0,0,,,336.51362508420175,344.89574599915505
2022-02-07,358.1499938964844,371.0,355.95001220703125,365.3500061035156,227.88877868652344,15757583,0.0,0,,,341.75660345134975,352.9044119548872
2022-02-08,368.25,374.79998779296875,359.29998779296875,369.45001220703125,230.44615173339844,14209893,0.0,0,,,346.79176867965543,360.0323835511635
2022-02-09,371.5,378.95001220703125,364.20001220703125,376.6499938964844,234.9371795654297,17184515,0.0,0,77.3803163151539,,352.22053690089706,367.4954867040559
2022-02-10,378.0,385.8500061035156,375.5,379.5,236.7149200439453,11642228,0.0,0,77.45149325624968,,357.18043928255213,373.73622743376353
2022-02-11,378.0,384.45001220703125,372.25,378.04998779296875,235.8104248046875,9277013,0.0,0,79.45122883589633,,360.97490264808243,377.62510843450747
2022-02-14,370.04998779296875,374.8500061035156,359.6000061035156,361.5,225.48731994628906,11817623,0.0,0,75.12714799038113,,361.0703748938856,374.7713841929815
2022-02-15,369.0,374.29998779296875,355.45001220703125,371.95001220703125,232.00558471679688,12010968,0.0,0,76.21595767084969,,363.04849076900297,375.8768659115411
2022-02-16,375.0,375.0,362.04998779296875,367.1000061035156,228.9803466796875,9223294,0.0,0,69.94869092870674,,363.7851299207325,374.8837779796788
2022-02-17,369.8500061035156,373.3500061035156,365.6000061035156,368.95001220703125,230.13429260253906,7177358,0.0,0,70.90076168795974,,364.7241994273322,374.5732410718699
2022-02-18,368.0,371.6000061035156,362.5,364.0,227.0467071533203,4497068,0.0,0,71.58914458330428,,364.5925268041809,372.54310145804254
2022-02-21,363.5,365.6000061035156,353.1000061035156,353.95001220703125,220.77796936035156,5793689,0.0,0,58.633882118929094,,362.6575241501537,367.5793557863818
2022-02-22,346.0,352.45001220703125,339.3500061035156,350.1000061035156,218.3765106201172,9895715,0.0,0,53.795020277658374,,360.3743390507649,362.5332316718153
2022-02-23,352.20001220703125,355.8999938964844,348.1000061035156,352.20001220703125,219.68637084960938,9341304,0.0,0,53.82059287654163,,358.88809780644965,359.43844893286933
2022-02-24,342.0,351.45001220703125,335.70001220703125,338.04998779296875,210.86026000976562,13040748,0.0,0,40.20339739494815,,355.0993505312713,352.44975368228694
2022-02-25,345.8999938964844,365.54998779296875,345.5,362.6000061035156,226.17344665527344,12293768,0.0,0,48.73794935631106,,356.4631060898612,355.41105412499303
2022-02-28,360.8999938964844,381.3999938964844,356.75,380.29998779296875,237.21389770507812,13822663,0.0,0,54.42676545731429,,360.79708458133524,363.4822971940128
2022-03-02,384.0,396.0,382.0,387.29998779296875,241.5802001953125,15610682,0.0,0,54.35228433520738,,365.61579425617765,371.75536703687584
2022-03-03,400.0,401.0,383.29998779296875,395.95001220703125,246.9756622314453,59451460,0.0,0,56.418242542618515,,371.1311066108783,380.6669217216592
2022-03-04,393.3999938964844,398.75,370.5,373.3999938964844,232.91000366210938,19180902,0.0,0,48.44223121805288,,371.5436315718976,379.68318253973416
2022-03-07,374.0,389.20001220703125,373.45001220703125,387.3999938964844,241.64256286621094,17901437,0.0,0,58.82753641072161,,374.4266065400043,383.44503685123055
2022-03-08,396.3999938964844,396.3999938964844,372.5,381.3500061035156,237.86888122558594,19093725,0.0,0,53.30288460133427,,375.6854064606427,384.0940493776229
2022-03-09,369.95001220703125,375.0,365.45001220703125,371.25,239.74156188964844,10587981,13.0,0,56.14170758398086,,374.87896892234403,381.0989551412653
2022-03-10,371.5,379.5,363.45001220703125,378.25,244.26194763183594,12346925,0.0,0,57.76465595899417,,375.49188366373596,381.08243899490134
2022-03-11,377.79998779296875,385.0,376.20001220703125,378.20001220703125,244.2296905517578,9045446,0.0,0,59.77207651853242,,375.98427067160776,380.96122349445636
2022-03-14,378.20001220703125,380.0,371.6499938964844,375.79998779296875,242.67984008789062,5116985,0.0,0,63.16219689398926,,375.95076469367336,379.9954030213305
2022-03-15,370.8999938964844,371.3999938964844,353.79998779296875,357.70001220703125,230.99139404296875,8197001,0.0,0,56.81982227673269,,372.6324460597384,373.2267076273293
2022-03-16,362.0,375.5,359.29998779296875,373.3500061035156,241.09767150878906,9118574,0.0,0,60.57000441267107,,372.76291152224337,373.3558700014127
2022-03-17,374.8999938964844,382.5,373.5,378.45001220703125,244.39112854003906,10989483,0.0,0,67.50947193796449,,373.7969298285684,375.12809265306385
2022-03-21,383.0,407.45001220703125,380.54998779296875,400.04998779296875,258.3397216796875,26819133,0.0,0,67.03973771700305,,378.570213094823,383.5647598963457
2022-03-22,404.70001220703125,416.0,402.0,404.04998779296875,260.92279052734375,22136086,0.0,0,63.7956807357005,,383.20289940357674,391.079726493803
2022-03-23,407.6499938964844,411.75,398.0,408.6499938964844,263.8933410644531,12118980,0.0,0,63.197898898004496,,387.82964385683266,398.0598387560454
2022-03-24,407.79998779296875,417.45001220703125,407.0,411.1499938964844,265.50775146484375,11816201,0.0,0,61.4747111526401,,392.0697075004057,403.90900994450317
2022-03-25,413.8999938964844,415.29998779296875,406.25,410.54998779296875,265.1202697753906,8213490,0.0,0,74.01109983251975,,395.42975846268985,407.86559306791116
2022-03-28,408.0,417.8500061035156,406.0,413.3999938964844,266.9607238769531,8658384,0.0,0,71.03480397488781,,398.697073996107,411.54510592772033
2022-03-29,414.8999938964844,415.70001220703125,407.54998779296875,410.3500061035156,264.9911193847656,6273174,0.0,0,73.23003720239457,,400.8157889247267,413.06130908309916
2022-03-30,410.0,410.29998779296875,396.54998779296875,398.70001220703125,257.4679260253906,8216568,0.0,0,63.842659243338105,,400.43110224878205,410.13542055258665
2022-03-31,399.25,410.8500061035156,399.25,403.3500061035156,260.47076416015625,9571444,0.0,0,62.9648786934418,,400.96181204055176,409.3359259369308
2022-04-01,405.29998779296875,410.8999938964844,403.20001220703125,405.79998779296875,262.0528869628906,8522750,0.0,0,63.91125464150735,,401.841480359173,409.41275671690045
2022-04-04,406.0,423.70001220703125,406.0,421.45001220703125,272.1591491699219,11316771,0.0,0,70.29786854918626,,405.40666796787445,414.5183203040436
2022-04-05,425.20001220703125,425.20001220703125,417.3999938964844,418.8999938964844,270.5124816894531,6544847,0.0,0,81.57898458733834,,407.8599999548944,417.3222598556855
2022-04-06,417.45001220703125,434.70001220703125,414.29998779296875,432.6000061035156,279.3594970703125,9864785,0.0,0,81.20066583930318,,412.35818289100735,423.78036339392884
2022-04-07,434.0,437.3500061035156,424.29998779296875,425.5,274.7745056152344,7125701,0.0,0,74.26506125109036,,414.74760418355146,426.0480056525688
2022-04-08,427.0,434.5,424.70001220703125,430.29998779296875,277.87420654296875,5251094,0.0,0,68.87084924806223,,417.5753102943546,429.1346710414805
2022-04-11,430.95001220703125,440.75,430.45001220703125,437.75,282.6852111816406,6488235,0.0,0,70.15550391374222,,421.243435695381,433.7022879984147
2022-04-12,433.0,434.79998779296875,414.1499938964844,417.0,269.28546142578125,10163306,0.0,0,54.18542169742089,,420.4719019325844,430.0342534655057
2022-04-13,422.0,427.54998779296875,421.3999938964844,425.79998779296875,274.96826171875,4532025,0.0,0,56.90710669851342,,421.4406448162906,430.0569947935314
2022-04-18,425.95001220703125,431.79998779296875,418.75,424.1499938964844,273.9027404785156,5410588,0.0,0,56.34920915078247,,421.93325373996214,429.386038295254
2022-04-19,426.95001220703125,437.5,422.04998779296875,427.54998779296875,276.0983581542969,6170452,0.0,0,56.572221519831984,,422.95447811323606,429.88775814569897
2022-04-20,427.95001220703125,428.95001220703125,417.5,421.8999938964844,272.4497985839844,4326156,0.0,0,55.2381274882638,,422.7627537101903,428.27857195244064
2022-04-21,422.0,426.1000061035156,417.1499938964844,424.95001220703125,274.4193420410156,8243160,0.0,0,62.91194205405003,,423.1604370732523,427.99875656850793
2022-04-22,419.8999938964844,424.95001220703125,414.79998779296875,415.79998779296875,268.51055908203125,4288543,0.0,0,55.86432504434171,,421.8221735677462,424.68585574117765
2022-04-25,404.79998779296875,409.8999938964844,397.04998779296875,402.1000061035156,259.6635437011719,6329044,0.0,0,48.42419114355732,,418.236324937886,417.6454614735353
2022-04-26,405.8999938964844,412.54998779296875,402.1000061035156,411.6000061035156,265.7983093261719,5690783,0.0,0,45.5730191027607,,417.029721513455,415.5590667862699
2022-04-27,411.79998779296875,418.0,405.45001220703125,412.6499938964844,266.4763488769531,7572088,0.0,0,47.1525639755939,,416.2334074012785,414.3786147145281
2022-04-28,417.95001220703125,417.95001220703125,405.04998779296875,411.6499938964844,265.83062744140625,6480515,0.0,0,39.20657567331993,,415.4000594913159,413.200671730369
2022-04-29,414.0,419.70001220703125,406.1000061035156,408.3500061035156,263.6995849609375,18580213,0.0,0,40.80428984314463,,414.118231602625,411.2699642529213
2022-05-02,408.0,409.3500061035156,399.5,407.8500061035156,263.376708984375,9271760,0.0,0,37.38054050837625,,412.9785542391505,409.7156903829139
2022-05-04,412.0,412.0,392.5,395.20001220703125,255.20773315429688,16352730,0.0,0,27.40302229325259,,409.74609205149244,404.431734379215
2022-05-05,402.5,409.5,400.6499938964844,405.20001220703125,261.6654357910156,11573563,0.0,0,42.9256821652496,,408.9195320797722,403.89514491650135
2022-05-06,365.0,372.0,356.04998779296875,360.3999938964844,252.35272216796875,17372415,31.5,0,30.329824337882812,,400.09779786462894,388.76915310047195
2022-05-09,356.3999938964844,358.0,347.1499938964844,350.1499938964844,245.17564392089844,7155146,0.0,0,27.415248656005886,,391.0163789613299,374.3172359606841
2022-05-10,345.0,352.8999938964844,328.0,330.3500061035156,231.31166076660156,10077453,0.0,0,20.248039353820488,,379.9861293508182,357.2984444871439
2022-05-11,331.3500061035156,340.3999938964844,316.54998779296875,325.8999938964844,228.19577026367188,12430816,0.0,0,20.392357674177006,,370.15228654093926,343.54376389894117
2022-05-12,321.8500061035156,325.79998779296875,304.20001220703125,314.25,220.0384063720703,16664763,0.0,0,16.399144608235517,,359.98823444258664,329.9015823822997
2022-05-13,317.95001220703125,321.8500061035156,290.54998779296875,292.8999938964844,205.089111328125,20305913,0.0,0,14.751160999901629,,347.7903725251135,313.19395199785527
2022-05-16,294.5,302.45001220703125,279.54998779296875,287.1499938964844,201.0629425048828,18365763,0.0,0,15.586393949218277,,336.76484913809,299.4378041173141
2022-05-17,295.0,328.95001220703125,294.04998779296875,321.0,224.7647705078125,27785998,0.0,0,30.02430800479445,,333.89851293116453,301.01301919940886
2022-05-18,324.95001220703125,325.70001220703125,316.25,319.79998779296875,223.92453002929688,12682808,0.0,0,29.31785030168743,,331.33514472421984,302.33153041073774
2022-05-19,308.0,311.70001220703125,297.70001220703125,303.54998779296875,212.54624938964844,15575272,0.0,0,26.548078840958127,,326.2832980094469,298.4197389863292
2022-05-20,316.0,319.79998779296875,309.6000061035156,314.3999938964844,220.14344787597656,11619010,0.0,0,31.70979881063826,,324.12269726163555,299.55747563087544
2022-05-23,307.0,311.5,292.70001220703125,305.6499938964844,214.01666259765625,18449758,0.0,0,30.235980991506295,,320.76402392251714,297.9172007653438
2022-05-24,307.6499938964844,316.8999938964844,303.1499938964844,305.5,213.91165161132812,11923967,0.0,0,32.323326666866976,,317.98874684569586,297.0252102906094
2022-05-25,307.04998779296875,310.45001220703125,300.1000061035156,304.8500061035156,213.45652770996094,10971726,0.0,0,28.24644425762324,,315.59988489257216,296.49337702221845
2022-05-26,306.79998779296875,314.29998779296875,294.0,313.04998779296875,219.19818115234375,11117630,0.0,0,34.54130531664762,,315.13626723809875,299.12434635414934
2022-05-27,316.0,319.04998779296875,303.45001220703125,307.8500061035156,215.55711364746094,11035458,0.0,0,35.719112028764826,,313.8114924863563,299.6269233298812
2022-05-30,309.25,314.75,307.20001220703125,313.20001220703125,219.30320739746094,7700826,0.0,0,43.58399410401778,,313.70031425375174,302.0037936626866
2022-05-31,310.0,327.3999938964844,309.20001220703125,320.8999938964844,224.69476318359375,52366423,0.0,0,48.17385128096722,,315.00934691606676,306.5104931561803
2022-06-01,320.5,325.0,313.25,316.04998779296875,221.29879760742188,9150761,0.0,0,50.6917908203987,,315.19855434823074,308.3997528073669
2022-06-02,316.25,323.0,315.6499938964844,321.75,225.28993225097656,6242334,0.0,0,62.603754695177834,,316.38972628491604,311.80166569967906
2022-06-03,323.5,325.20001220703125,315.45001220703125,316.8999938964844,221.89395141601562,10358738,0.0,0,63.09995852709586,,316.4825022142921,312.804542041315
2022-06-06,310.3999938964844,323.3999938964844,310.0,320.70001220703125,224.5547332763672,11751642,0.0,0,49.8203792848316,,317.2493222129719,314.86748025218327
2022-06-07,317.0,320.70001220703125,312.25,314.8999938964844,220.49354553222656,11390344,0.0,0,47.2190746302105,,316.82217160997413,314.5239049668762
2022-06-08,316.8999938964844,317.45001220703125,311.54998779296875,313.25,219.33819580078125,4734993,0.0,0,56.59862138405355,,316.1726858627061,313.7608884524067
2022-06-09,311.3999938964844,316.0,299.3500061035156,302.8999938964844,212.09112548828125,11747620,0.0,0,42.12329063598835,,313.75946914157487,309.811730306768
2022-06-10,299.8500061035156,303.29998779296875,294.70001220703125,301.20001220703125,210.90078735351562,6147803,0.0,0,46.62625704563463,,311.4759315171124,306.37761441407383
2022-06-13,295.20001220703125,297.6499938964844,286.54998779296875,289.70001220703125,202.8484649658203,7487440,0.0,0,39.780084275467516,,307.51667346073395,300.1059301484837
2022-06-14,289.0,296.20001220703125,288.25,291.1499938964844,203.8637237548828,7645723,0.0,0,41.229157400653925,,304.54091353996125,296.0428654402152
2022-06-15,291.95001220703125,295.95001220703125,290.6000061035156,291.3500061035156,204.00379943847656,6160021,0.0,0,34.52212009459146,362.58949951171877,302.1425667333348,293.22733453721185
2022-06-16,295.79998779296875,296.45001220703125,265.8500061035156,267.45001220703125,187.26898193359375,14390002,0.0,0,27.25227386338733,362.0179995727539,295.8348295467341,283.3796727790512
2022-06-17,267.45001220703125,272.0,262.79998779296875,263.95001220703125,184.81826782226562,13852870,0.0,0,21.679128240383022,361.38599975585936,290.0375900304245,275.10381125261245
2022-06-20,262.79998779296875,262.79998779296875,221.75,230.4499969482422,161.3614959716797,49070694,0.0,0,9.889134372171512,360.4574998474121,279.20348219730045,258.1206658792618
2022-06-21,236.4499969482422,243.64999389648438,227.0,236.0500030517578,165.28262329101562,51220904,0.0,0,14.757701977099018,359.6969998168945,271.357395079929,247.68829226913897
2022-06-22,234.85000610351562,234.85000610351562,221.0,222.10000610351562,155.5148162841797,22944315,0.0,0,9.075987870235423,358.7375,262.40150617512654,235.70833113509633
2022-06-23,221.0500030517578,226.0,216.10000610351562,219.4499969482422,153.65928649902344,20938353,0.0,0,9.243008018829144,357.6499998474121,254.59214086114756,226.36278966241275
2022-06-24,220.4499969482422,224.89999389648438,217.5,221.4499969482422,155.05967712402344,21355402,0.0,0,7.855609155929216,356.5879998779297,248.56629651334657,220.53931833890823
2022-06-27,227.5500030517578,231.14999389648438,224.8000030517578,227.8000030517578,159.50599670410156,15977006,0.0,0,13.186838895170439,355.64849990844726,244.7906067930577,218.77024215191727
2022-06-28,226.89999389648438,235.75,222.0,234.8000030517578,164.4073944091797,23261360,0.0,0,18.277408781617126,354.615,242.9741333855486,220.1985386184718
2022-06-29,231.6999969482422,235.35000610351562,230.8000030517578,232.0500030517578,162.48184204101562,14692258,0.0,0,19.474374651666224,353.50300003051757,240.9879278703139,220.7282730938772
2022-06-30,232.5500030517578,234.35000610351562,222.3000030517578,223.0,156.14500427246094,13598410,0.0,0,18.314430760390096,352.2800001525879,237.7173955302568,218.4654242531255
2022-07-01,221.10000610351562,223.60000610351562,206.0,213.9499969482422,149.8081817626953,26130465,0.0,0,18.685414559387524,350.85600006103516,233.39605033352686,214.10879140036766
2022-07-04,212.89999389648438,217.35000610351562,209.39999389648438,216.60000610351562,151.66371154785156,10536164,0.0,0,19.484274988162923,349.36850006103515,230.34222410988843,212.06315443614494
2022-07-05,219.6999969482422,223.39999389648438,216.1999969482422,217.0500030517578,151.97879028320312,13760066,0.0,0,19.6486825193889,347.8444999694824,227.92545664477376,210.992498985708
2022-07-06,213.5,215.0,206.25,214.4499969482422,150.15826416015625,21776088,0.0,0,23.788313804609302,346.2225,225.47537306358618,209.61652113974256
2022-07-07,218.0,228.89999389648438,216.0500030517578,227.6999969482422,159.43594360351562,18550009,0.0,0,33.64906977603695,344.7044999694824,225.8798501335236,213.23536161669128
2022-07-08,232.39999389648438,233.0,221.0500030517578,224.0,156.84519958496094,20385518,0.0,0,46.02097838922624,343.16400009155274,225.53805920015566,214.91292146817364
2022-07-11,223.0,232.3000030517578,221.3000030517578,229.4499969482422,160.6613006591797,16001815,0.0,0,45.920897496022086,341.8435000610352,226.24932060889864,218.13796725352125
2022-07-12,228.39999389648438,236.8000030517578,225.1999969482422,230.75,161.57156372070312,17927232,0.0,0,56.33699832528972,340.43149993896486,227.06762595273523,221.1005866705655
2022-07-13,230.5,233.60000610351562,228.0,231.9499969482422,162.4117889404297,13199027,0.0,0,59.356268427772925,339.0799998474121,227.95532977010012,223.7995098443507
2022-07-14,235.9499969482422,235.9499969482422,226.5,227.89999389648438,159.57598876953125,15126859,0.0,0,54.68410785913983,337.6694996643066,227.94526870216998,224.53682061643218
2022-07-15,230.25,230.6999969482422,224.8000030517578,227.85000610351562,159.5409698486328,12239038,0.0,0,50.039925889744616,336.3079997253418,227.92794822968736,225.12504668205247
2022-07-18,231.0500030517578,238.0500030517578,229.14999389648438,237.4499969482422,166.26292419433594,15984360,0.0,0,52.033763375400966,335.1429995727539,229.65922981487913,228.7824498456075
2022-07-19,237.39999389648438,240.6999969482422,229.5,238.75,167.17318725585938,20854834,0.0,0,55.259020242948225,334.02949951171877,231.3120971212647,231.9470776698125
2022-07-20,248.0,259.79998779296875,245.0,253.1999969482422,177.29110717773438,58620970,0.0,0,71.85240479878041,333.03949935913084,235.29171527162424,239.0672960252757
2022-07-21,256.0,256.04998779296875,251.10000610351562,254.8000030517578,178.4114227294922,19890154,0.0,0,83.13058939137935,332.2069995117188,238.83867668619396,244.8298475511022
2022-07-22,257.0,259.95001220703125,255.10000610351562,258.3500061035156,180.89712524414062,15511814,0.0,0,83.37331146816783,331.16449951171876,242.386191125707,250.1905700111426
2022-07-25,260.3999938964844,261.45001220703125,253.60000610351562,258.0,180.65206909179688,23018426,0.0,0,82.7862708629215,329.9414996337891,245.22506546648754,253.93318174248256
2022-07-26,240.0,244.89999389648438,238.85000610351562,241.39999389648438,182.8486785888672,18479077,19.5,0,87.06089205664175,328.48249969482424,244.5295979083051,251.08540140469725
2022-07-27,240.0,244.1999969482422,235.89999389648438,243.39999389648438,184.36355590820312,10992106,0.0,0,84.29695746701634,326.9569995117188,244.32421536070132,249.5200143188009
2022-07-28,243.1999969482422,247.60000610351562,240.64999389648438,245.5,185.95423889160156,11285482,0.0,0,91.18334575366976,325.6779995727539,244.53799438602834,248.96401273610465
2022-07-29,245.60000610351562,256.5,245.25,254.3000030517578,192.6197967529297,20997947,0.0,0,91.84117537065953,324.3469996643066,246.3129050525246,251.38639242972033
2022-08-01,256.75,257.3999938964844,253.25,255.39999389648438,193.45297241210938,10114375,0.0,0,91.82467339049333,323.08749954223634,247.96510302415365,253.46793649137396
2022-08-02,255.0,255.0,247.1999969482422,252.60000610351562,191.33213806152344,11012297,0.0,0,86.70675637465091,321.9009996032715,248.80781267494672,253.99962068059403
2022-08-03,251.5,254.5,246.25,248.89999389648438,188.52955627441406,9843948,0.0,0,86.77993264672327,320.6074995422363,248.82457289704445,253.08612871974495
2022-08-04,249.89999389648438,253.6999969482422,245.75,250.25,189.55210876464844,9463532,0.0,0,87.19029048668584,319.327999420166,249.08374146121818,252.78251595956985
2022-08-05,250.14999389648438,256.8500061035156,250.14999389648438,253.25,191.82447814941406,13811834,0.0,0,85.60253910068842,318.10249954223633,249.84124301372395,253.4872870553346
2022-08-08,253.25,258.0,253.14999389648438,256.75,194.4755401611328,7700478,0.0,0,86.26841456844267,317.092999420166,251.0973806475923,255.10825656389332
2022-08-10,257.75,259.8500061035156,252.0,256.3500061035156,194.1725616455078,11891569,0.0,0,80.33575048382312,315.92299942016604,252.05240345776016,256.11541150668927
2022-08-11,258.0,260.45001220703125,255.5,256.54998779296875,194.3240509033203,6782061,0.0,0,79.62635312192472,314.7039991760254,252.8701460641617,256.8634875094323
2022-08-12,256.54998779296875,264.95001220703125,255.3000030517578,262.45001220703125,198.7930145263672,14399499,0.0,0,81.02746115168475,313.327999420166,254.6119399083198,259.3043233269433
2022-08-16,264.0,266.70001220703125,254.5,262.5,198.83090209960938,18353026,0.0,0,81.74607573430427,311.91249954223633,256.04613265226163,261.0587858761787
2022-08-17,265.5,268.75,262.6000061035156,266.29998779296875,201.7091827392578,14443487,0.0,0,82.17056482929358,310.4889994812012,257.910469950572,263.53709855966724
2022-08-18,266.95001220703125,268.25,262.95001220703125,265.5,201.10325622558594,9656896,0.0,0,79.46679760000902,309.03249954223634,259.29038450501344,265.02301072972523
2022-08-19,266.75,268.0,260.3500061035156,262.0,198.45216369628906,11007005,0.0,0,71.2082638961534,307.54699966430667,259.78304186773823,264.8764557120046
2022-08-22,260.0,264.20001220703125,255.0500030517578,256.8500061035156,194.55128479003906,9077185,0.0,0,53.6170088740759,305.98149978637696,259.24976263787954,262.9807818678495
2022-08-23,253.5500030517578,263.3999938964844,253.5500030517578,262.25,198.64151000976562,6629601,0.0,0,58.65993979432273,304.5004997253418,259.79526034008325,263.29422873913444
2022-08-24,262.25,267.25,261.75,266.70001220703125,202.01217651367188,7607934,0.0,0,67.1116317935985,303.1804997253418,261.0506697704374,264.9406152672236
2022-08-25,268.45001220703125,271.29998779296875,264.6000061035156,265.45001220703125,201.06536865234375,6531499,0.0,0,71.35486876149886,301.80149978637695,261.8505502134545,265.687680527839
2022-08-26,268.5,275.0,268.5,269.6000061035156,204.20880126953125,11188255,0.0,0,73.28524406403133,300.4394999694824,263.25954219346556,267.55182407069833
2022-08-29,261.1000061035156,267.20001220703125,258.04998779296875,266.04998779296875,201.51983642578125,7471816,0.0,0,65.20189199729168,298.8854997253418,263.76689593882975,267.69387053913636
2022-08-30,269.0,272.0,268.1499938964844,270.25,204.7011260986328,5956473,0.0,0,65.7710330960499,297.398999786377,264.9456421317698,269.12305005351703
2022-09-01,263.5,268.8999938964844,262.20001220703125,263.20001220703125,199.36111450195312,8676894,0.0,0,56.92621249507579,295.7049998474121,264.62825487272636,267.7864535967568
2022-09-02,265.3999938964844,265.79998779296875,256.0,257.25,194.854248046875,10204135,0.0,0,50.6340357900768,294.0224998474121,263.2867539867761,264.77314312702356
2022-09-05,258.3999938964844,262.8500061035156,257.54998779296875,260.3999938964844,197.240234375,6625211,0.0,0,48.04575142061004,292.3234999084473,262.76188851581395,263.5485896997747
2022-09-06,261.0,264.75,258.29998779296875,263.8500061035156,199.8534393310547,6046145,0.0,0,51.20856900365783,290.5844999694824,262.95972807721427,263.7652614143279
2022-09-07,260.0,263.3999938964844,260.0,261.95001220703125,198.41429138183594,4912037,0.0,0,45.9685164385444,289.03400009155274,262.7761433735446,263.28501043727147
2022-09-08,263.70001220703125,265.0,261.0,262.25,198.64151000976562,3584327,0.0,0,46.9597407281637,287.39850021362304,262.680480941991,263.0185574592237
2022-09-09,265.0,269.8500061035156,263.79998779296875,266.6499938964844,201.97430419921875,9391783,0.0,0,54.27781729333313,285.82350021362305,263.4022105700807,264.2693246889808
2022-09-12,267.95001220703125,271.8500061035156,267.3999938964844,270.3500061035156,204.77688598632812,5914506,0.0,0,62.75992726511105,284.2515003967285,264.6654461216143,266.4084594883328
2022-09-13,275.45001220703125,279.5,272.6000061035156,277.54998779296875,210.2305145263672,15735934,0.0,0,63.98536898134184,282.80800033569335,267.00809006186057,270.3509005857409
2022-09-14,276.0,314.8500061035156,273.3500061035156,305.6000061035156,231.47703552246094,61991651,0.0,0,74.8403522759754,281.6145002746582,274.0248020694342,282.5007750497147
2022-09-15,316.95001220703125,320.8999938964844,304.6000061035156,314.20001220703125,237.99111938476562,72693576,0.0,0,78.4588314874817,280.5985005187988,281.3293857308155,294.2407502558115
2022-09-16,296.1499938964844,299.8999938964844,287.0,290.75,220.22886657714844,45232346,0.0,0,60.07620319957465,279.48500045776365,283.042224688849,295.007482084055
2022-09-19,292.0,294.79998779296875,280.3999938964844,281.6499938964844,213.3360595703125,17630437,0.0,0,57.05881108965157,278.18550033569335,282.7890918175099,292.3717391552193
2022-09-20,285.3999938964844,287.6000061035156,279.70001220703125,280.1000061035156,212.16201782226562,14832173,0.0,0,54.56652404285551,276.86000045776365,282.30016714223825,289.74048568423274
2022-09-21,281.0,283.29998779296875,277.0,277.8999938964844,210.49562072753906,8891248,0.0,0,57.13590002810507,275.52250045776367,281.50013564301025,286.9330977689101
2022-09-22,275.5,283.1499938964844,275.5,280.6499938964844,212.57862854003906,8750415,0.0,0,61.72345490317427,274.24550033569335,281.34556441636914,285.664247879399
2022-09-23,281.95001220703125,286.95001220703125,278.25,279.54998779296875,211.7454071044922,11611515,0.0,0,59.79537728665212,272.9625001525879,281.0190959393872,284.2854536552447
2022-09-26,276.0,277.20001220703125,260.0,264.29998779296875,200.19430541992188,13655836,0.0,0,50.205393465620986,271.65349990844726,277.9792580945839,278.1645925345373
2022-09-27,265.5,268.29998779296875,260.04998779296875,262.20001220703125,198.60365295410156,8506360,0.0,0,50.11389442198168,270.22349990844725,275.11030429684706,272.9146157313879
2022-09-28,259.5,261.79998779296875,255.1999969482422,256.79998779296875,194.51339721679688,7527753,0.0,0,47.627339947618005,269.1874998474121,271.78115584159644,267.26083464283397
2022-09-29,260.0,264.0,256.6000061035156,259.6499938964844,196.67214965820312,7865169,0.0,0,46.91086142268824,268.2824998474121,269.57549003339426,264.07240975496865
2022-09-30,262.8999938964844,271.75,260.29998779296875,270.04998779296875,204.5496368408203,11747174,0.0,0,49.87499250861572,267.67949966430666,269.6617623533169,265.22982856908715
2022-10-03,271.0,273.0,265.6000061035156,268.3500061035156,203.261962890625,6570803,0.0,0,45.98253675387147,267.10399978637696,269.4232612169894,265.601996281988
2022-10-04,279.0,280.8999938964844,272.79998779296875,279.1499938964844,211.44244384765625,11559416,0.0,0,36.401039289889006,266.7529997253418,271.19175806780663,269.5122205443833
2022-10-06,282.0,293.6000061035156,282.0,292.3999938964844,221.4786834716797,16940276,0.0,0,39.3032517488393,266.7479997253418,275.047800945748,276.82857805399004
2022-10-07,292.0,292.5,287.25,291.8999938964844,221.0999298095703,8499499,0.0,0,50.72830310963458,266.7954997253418,278.11183602770006,282.0757732742225
2022-10-10,286.70001220703125,297.95001220703125,286.5,297.04998779296875,225.00082397460938,11439140,0.0,0,60.26665900266235,266.55599960327146,281.555136348658,287.61560344932377
2022-10-11,300.0,305.5,285.0,286.04998779296875,216.66885375976562,21039535,0.0,0,53.52278815514963,266.2184996032715,282.37238206580537,287.99960164401614
2022-10-12,288.0,290.0,280.29998779296875,287.6000061035156,217.84291076660156,10044150,0.0,0,55.78758749075691,266.05899978637694,283.32285916357085,288.70461098936966
2022-10-13,292.79998779296875,294.8999938964844,287.3500061035156,293.0,221.93313598632812,10965277,0.0,0,57.14283384050894,265.8449998474121,285.0823393156489,290.9251654793663
2022-10-14,299.3500061035156,299.3500061035156,286.45001220703125,287.8500061035156,218.03225708007812,10076381,0.0,0,54.5856330224788,265.66699996948245,285.5855514588974,290.77776461914226
2022-10-17,285.75,285.79998779296875,277.6499938964844,280.04998779296875,212.1241455078125,9189148,0.0,0,59.48220992588237,265.4124998474121,284.57908533781944,288.0037874607742
2022-10-18,282.5,284.3999938964844,279.0,279.70001220703125,211.8590545654297,6076753,0.0,0,60.76259662358849,265.16099990844725,283.69198113222154,285.768197610059
2022-10-19,281.0,282.95001220703125,276.29998779296875,277.25,210.00331115722656,5047001,0.0,0,63.0504331987855,264.8030000305176,282.520711835454,283.2611231654203
2022-10-20,275.3999938964844,283.8500061035156,273.70001220703125,282.8500061035156,214.24502563476562,5655577,0.0,0,64.3033291006679,264.5530000305176,282.5805835205561,283.23536053288484
2022-10-21,284.0,284.8500061035156,277.75,280.1000061035156,212.16201782226562,5352956,0.0,0,56.841379177940176,264.2219999694824,282.1295694447306,282.2962845745969
2022-10-24,282.70001220703125,282.70001220703125,280.5,281.75,213.4118194580078,1607171,0.0,0,59.12806636727437,263.83050003051756,282.06055681841593,282.1404952304128
2022-10-25,282.0,282.3999938964844,278.70001220703125,280.0,212.08627319335938,5339921,0.0,0,50.66044569832185,263.4700001525879,281.6859101241585,281.44478516594535
2022-10-27,284.1000061035156,292.3999938964844,284.0,288.3500061035156,218.41098022460938,14336599,0.0,0,46.59374969291309,263.13600021362305,282.89756393858704,283.69163300276324
2022-10-28,289.75,289.75,279.54998779296875,284.8500061035156,215.75991821289062,9449012,0.0,0,44.35550285367562,262.81550033569334,283.2525534231195,284.19269223569927
2022-10-31,274.0,284.95001220703125,273.79998779296875,280.79998779296875,212.69223022460938,12599029,0.0,0,36.7562959869076,262.41650009155273,282.8066323994557,283.21099240856876
2022-11-01,281.54998779296875,288.79998779296875,281.0,286.8999938964844,217.3126678466797,9070975,0.0,0,50.75285678038593,262.13650009155276,283.55087994436997,284.4906497613015
2022-11-02,285.5,299.45001220703125,285.25,297.25,225.15228271484375,20332664,0.0,0,57.39461264138892,261.97650009155274,286.0416290453936,288.8484172509933
2022-11-03,292.5,304.29998779296875,292.5,302.8999938964844,229.43191528320312,19690261,0.0,0,57.55726693403538,261.97650009155274,289.1067862910465,293.91110529661677
2022-11-04,303.5,324.6000061035156,303.5,321.95001220703125,243.86134338378906,52129584,0.0,0,71.4735658727688,262.1840000915527,295.0782819121346,303.8948575157643
2022-11-07,324.45001220703125,324.45001220703125,298.54998779296875,306.54998779296875,232.19659423828125,38854124,0.0,0,65.22988598899764,262.3524998474121,297.16404661774084,306.08414323438836
2022-11-09,307.8500061035156,314.79998779296875,302.1499938964844,307.6000061035156,232.99191284179688,20764922,0.0,0,65.9064811741479,262.5169999694824,299.0614937969726,307.91221144814665
2022-11-10,304.3999938964844,309.75,304.0,307.1499938964844,232.6510467529297,8723702,0.0,0,67.44452979848506,262.6749998474121,300.532130178702,308.97687438744117
2022-11-11,311.1499938964844,315.0,309.0,312.3999938964844,236.62767028808594,15276115,0.0,0,67.31103617515376,263.12449966430665,302.68992358193515,311.3647270826398
2022-11-14,315.0,321.0,313.04998779296875,314.75,238.40769958496094,19802445,0.0,0,70.39433979132296,263.6324995422363,304.88266474885603,313.774292204186
2022-11-15,316.20001220703125,319.3999938964844,312.29998779296875,318.6499938964844,241.36175537109375,10006142,0.0,0,71.15824219032457,264.5144995117187,307.3858155029703,316.70881585615194
2022-11-16,320.0,320.6499938964844,309.6000061035156,311.95001220703125,236.28683471679688,9748748,0.0,0,67.3358610479814,265.2734996032715,308.21566944916316,316.52255023956053
2022-11-17,311.5,311.5,303.6000061035156,307.29998779296875,232.76467895507812,10016310,0.0,0,60.71226195074667,266.125499420166,308.0491818753096,314.7095035979364
2022-11-18,312.3999938964844,317.3500061035156,308.3999938964844,310.3999938964844,235.11279296875,18774925,0.0,0,64.50878711019453,267.0349993896484,308.47660224279593,314.2756639528885
2022-11-21,313.8999938964844,313.8999938964844,306.5,307.8999938964844,233.21914672851562,11979024,0.0,0,65.66471629933869,267.89949935913086,308.3717643616484,313.03067476714887
2022-11-22,309.45001220703125,311.8999938964844,306.54998779296875,310.1000061035156,234.88555908203125,9990931,0.0,0,64.0435802577228,268.7224993896484,308.68599013289696,312.7549197320553
2022-11-23,313.5,313.5,304.6499938964844,307.8500061035156,233.18128967285156,19347161,0.0,0,57.114101926580176,269.452999420166,308.53399303664577,311.73875599356984
2022-11-24,308.95001220703125,311.3999938964844,307.75,310.8999938964844,235.49151611328125,9754111,0.0,0,55.56326671044934,270.24149932861326,308.96417501116184,311.9382208641583
2022-11-25,312.5,317.3500061035156,309.6000061035156,316.54998779296875,239.77110290527344,11546335,0.0,0,45.38461909307416,271.176999206543,310.3434136987631,313.90519195925214
2022-11-28,317.5,317.8500061035156,309.6499938964844,310.54998779296875,235.22640991210938,16890293,0.0,0,54.07332735961768,272.14299911499023,310.3809726249823,313.32588486865274
2022-11-29,296.0,302.95001220703125,295.0,301.8500061035156,242.29002380371094,14184054,17.5,0,60.697514134648436,272.99549911499025,308.8298878028974,309.970292056922
2022-11-30,301.0,307.1499938964844,300.6499938964844,304.3500061035156,244.29673767089844,10300275,0.0,0,62.90379519807826,273.8684991455078,308.01536385755526,308.2819932010227
2022-12-01,306.0,312.5,304.70001220703125,310.25,249.03257751464844,14208907,0.0,0,63.51760117483053,274.8264991760254,308.42166133799975,308.97223783029136
2022-12-02,310.1499938964844,315.8500061035156,308.3999938964844,313.8500061035156,251.92222595214844,14526593,0.0,0,64.37902299895578,275.6879992675781,309.4086331135481,310.6666271508717
2022-12-05,315.5,322.20001220703125,315.1000061035156,319.25,256.2567443847656,17018137,0.0,0,65.3955414410544,276.64049926757815,311.19797254744844,313.6912453875408
2022-12-06,318.5,318.8999938964844,313.1000061035156,314.45001220703125,252.4038543701172,7693396,0.0,0,67.09037514056647,277.49049942016603,311.78925248555436,314.3129774858984
2022-12-07,315.0,315.5,311.1499938964844,312.8999938964844,251.15968322753906,5552148,0.0,0,70.49612616610307,278.3119993591309,311.9912054693598,314.22130563820934
2022-12-08,312.70001220703125,316.5,311.1000061035156,313.8500061035156,251.92222595214844,5763591,0.0,0,69.4154650044255,279.1309994506836,312.3291692210245,314.43031242871797
2022-12-09,316.0,317.5,306.0,308.8500061035156,247.90882873535156,7643243,0.0,0,66.17502712631133,279.9404995727539,311.6965941087501,312.8981498231839
2022-12-12,308.70001220703125,309.6000061035156,299.54998779296875,308.8999938964844,247.9489288330078,8476131,0.0,0,64.91858149918221,280.7509994506836,311.1881213428836,311.7551892098933
2022-12-13,310.25,316.1499938964844,309.8999938964844,313.1499938964844,251.3603515625,8177297,0.0,0,69.98166169158569,281.507999420166,311.5448254435383,312.30063887162726
2022-12-14,314.5,318.0,314.0,316.04998779296875,253.68814086914062,7878753,0.0,0,69.99324691802617,282.2809992980957,312.3639458707074,313.65252811591864
2022-12-15,315.0,317.0,310.29998779296875,310.95001220703125,249.59446716308594,5846776,0.0,0,60.83753793569231,282.8584994506836,312.10686702276627,312.95082434780545
2022-12-16,310.0,314.79998779296875,307.0,307.79998779296875,247.06597900390625,7609735,0.0,0,63.6700394358892,283.3884992980957,311.323798071894,311.373615832576
2022-12-19,308.8999938964844,315.0,308.5,314.3500061035156,252.32357788085938,5148697,0.0,0,62.08897051658936,283.9484992980957,311.874017714007,312.3649574072029
2022-12-20,313.8999938964844,314.3999938964844,307.1000061035156,312.1000061035156,250.5175323486328,7495069,0.0,0,57.531570130433465,284.48949935913083,311.91510651209944,312.35040255042634
2022-12-21,313.6499938964844,314.8999938964844,300.04998779296875,303.20001220703125,243.37367248535156,10996743,0.0,0,43.52619080370042,285.1074995422363,310.3305439111779,309.3902349054187
2022-12-22,305.70001220703125,307.45001220703125,298.45001220703125,302.04998779296875,242.45054626464844,9075631,0.0,0,38.65385121559612,285.69399948120116,308.8249882533217,306.8238262558181
2022-12-23,299.0,300.8500061035156,283.95001220703125,285.20001220703125,228.9253387451172,11859798,0.0,0,23.167840554574028,286.0909996032715,304.52953806308705,299.3777644549376
2022-12-26,285.75,297.45001220703125,281.79998779296875,296.1000061035156,237.6746063232422,7669940,0.0,0,36.80805912987768,286.5089996337891,302.9968958886195,297.52782843011477
2022-12-27,299.1000061035156,309.0,299.0,307.6499938964844,246.94561767578125,11251874,0.0,0,46.700209453235054,287.03149963378905,303.84291370823126,300.060418549137
2022-12-28,306.95001220703125,306.95001220703125,304.1000061035156,304.8999938964844,244.73818969726562,5313187,0.0,0,44.49907311707701,287.55449951171875,304.03511010609543,301.0975929378163
2022-12-29,303.04998779296875,308.5,301.04998779296875,307.1000061035156,246.50411987304688,6837877,0.0,0,48.88605256349848,288.1364996337891,304.5923639238082,302.6448757278903
2022-12-30,309.5,313.8500061035156,307.3999938964844,308.3999938964844,247.547607421875,6318160,0.0,0,49.686733613396335,288.7179995727539,305.2846602824766,304.2576851429088
2023-01-02,309.95001220703125,318.0,309.20001220703125,316.1000061035156,253.72825622558594,13487019,0.0,0,51.771758770538725,289.34649963378905,307.2510867953928,308.01972882813243
2023-01-03,316.1000061035156,321.6000061035156,314.25,319.54998779296875,256.4975280761719,10680716,0.0,0,52.088296529124044,289.97449951171876,309.4872506131338,311.9457281271635
2023-01-04,318.0,318.3999938964844,306.20001220703125,308.29998779296875,247.4673309326172,16035314,0.0,0,48.52694597111206,290.49399932861326,309.27138464583106,311.1062486386076
2023-01-05,310.0,312.0,307.45001220703125,311.3500061035156,249.91551208496094,6589413,0.0,0,51.97551527661149,291.04199951171876,309.6493158199555,311.45978459287454
2023-01-06,312.25,314.5,308.6000061035156,309.6499938964844,248.5509490966797,4971988,0.0,0,47.23528734256905,291.5139993286133,309.64943910659713,311.130832609874
2023-01-09,312.20001220703125,316.8999938964844,312.20001220703125,315.5,253.24664306640625,6356082,0.0,0,51.91872349290817,292.04399932861327,310.7131774508522,312.79555805337833
2023-01-10,317.5,319.70001220703125,313.0,316.04998779296875,253.68814086914062,8269189,0.0,0,58.00619916689072,292.54149932861327,311.68350660396425,314.1811782222137
2023-01-11,317.1499938964844,320.04998779296875,316.5,318.1499938964844,255.37374877929688,6183545,0.0,0,59.91377746251029,293.0679992675781,312.8592315662406,315.86473785939813
2023-01-12,320.0,320.0,314.6000061035156,316.6000061035156,254.12960815429688,4051242,0.0,0,73.82394488285964,293.61399932861326,313.5393723911997,316.5549018514769
2023-01-13,317.0,322.0,316.29998779296875,319.20001220703125,256.2165832519531,8446441,0.0,0,70.0520423374927,294.23749938964846,314.56857963044183,317.8779096573213
2023-01-16,320.79998779296875,321.0,314.5,317.1000061035156,254.5309295654297,5228181,0.0,0,59.8130062587868,294.7859994506836,315.0288389891825,318.11304848650803
2023-01-17,317.1000061035156,318.5,313.5,317.95001220703125,255.21322631835938,4146953,0.0,0,64.10811815034148,295.2984994506836,315.5599613924277,318.5179602201674
2023-01-18,318.5,325.79998779296875,318.25,324.1499938964844,260.1898498535156,12239219,0.0,0,66.96514770460894,295.8854992675781,317.12178548407434,320.8198224181178
2023-01-19,323.6000061035156,334.0,321.54998779296875,330.79998779296875,265.5277099609375,14218085,0.0,0,70.14387210153103,296.4974990844727,319.60873135841877,324.6691718380089
2023-01-20,337.6000061035156,340.75,330.04998779296875,330.8999938964844,265.60797119140625,19053763,0.0,0,65.4166592409976,297.1459991455078,321.66168818352156,327.48174052372485
2023-01-23,330.95001220703125,334.45001220703125,328.45001220703125,329.1499938964844,264.2032775878906,4686210,0.0,0,60.36715448703315,297.73499908447263,323.02319831315117,328.8990221521054
2023-01-24,331.20001220703125,331.8500061035156,327.29998779296875,329.6499938964844,264.6046142578125,5123504,0.0,0,80.02812691333862,298.39949890136717,324.2280702373935,330.021366770918
2023-01-25,330.0,332.70001220703125,324.6000061035156,326.25,261.87548828125,7049679,0.0,0,70.75208087658663,299.08949890136716,324.59569383059466,329.636446661552
2023-01-27,328.0,329.5,313.45001220703125,319.75,256.6580810546875,11670027,0.0,0,62.407923000718824,299.68299896240234,323.7146585886683,327.1180638887846
2023-01-30,320.0,324.8500061035156,316.3500061035156,321.8999938964844,258.3838195800781,9562174,0.0,0,58.64867281007497,300.26349884033203,323.3847195537258,325.89937377068617
2023-01-31,323.25,336.5,322.1499938964844,332.3999938964844,266.8119812011719,12559707,0.0,0,67.41214406777603,300.9679986572266,325.02386034331823,328.4224198941342
2023-02-01,337.0,338.25,321.3500061035156,328.0,263.2801818847656,11727712,0.0,0,60.00002315910226,301.62549865722656,325.5649766445331,328.78834779619467
2023-02-02,329.0,334.75,322.5,327.04998779296875,262.51763916015625,11308985,0.0,0,60.73998558931421,302.22949859619143,325.83497867152136,328.6931930904167
2023-02-03,320.5,322.8500061035156,308.0,314.29998779296875,262.3089904785156,11362212,12.5,0,58.19485459219068,302.66899841308594,323.7377076026936,324.3602976163853
2023-02-06,314.29998779296875,314.8999938964844,305.0,306.25,255.5906219482422,7244255,0.0,0,51.255414980379165,302.95599853515625,320.5581244022038,318.4660390675508
2023-02-07,306.0,308.95001220703125,299.1499938964844,308.1499938964844,257.17633056640625,10473033,0.0,0,52.276945883112504,302.98149841308594,318.3021006738912,314.74455689510114
2023-02-08,309.5,315.5,309.45001220703125,314.1000061035156,262.1421203613281,7819410,0.0,0,52.2649493668466,302.9804983520508,317.5380834792774,314.0022608646743
2023-02-09,314.95001220703125,315.70001220703125,309.0,310.1000061035156,258.80377197265625,5202003,0.0,0,41.81961495421761,303.17399841308594,316.18570577459343,312.1862691497222
2023-02-10,310.0,311.70001220703125,307.5,310.70001220703125,259.30450439453125,4235865,0.0,0,42.408827799114285,303.4644985961914,315.18830694412753,311.09998702612444
2023-02-13,311.0,314.79998779296875,308.0,308.75,257.67706298828125,5188595,0.0,0,42.18251699476667,303.75099853515627,314.0177056815589,309.71495198836385
2023-02-14,310.0,314.75,309.1000061035156,314.20001220703125,262.2255554199219,6566932,0.0,0,47.40777219439397,304.1139987182617,314.0508523225538,310.5575374616628
2023-02-15,313.8999938964844,315.79998779296875,311.1000061035156,313.0,261.22406005859375,5810417,0.0,0,49.26243402989654,304.4374987792969,313.85978826390766,310.84529642065
2023-02-16,315.8999938964844,316.75,314.1000061035156,314.8500061035156,262.7680358886719,4366228,0.0,0,57.54553074352182,304.79049896240235,314.03982787110914,311.7207305870632
2023-02-17,314.8500061035156,317.8999938964844,313.0,314.0,262.0586242675781,4291109,0.0,0,54.655078967328315,305.28749908447264,314.03258643999834,312.1292184003247
2023-02-20,313.3500061035156,315.70001220703125,310.1499938964844,310.8500061035156,259.4296875,5264100,0.0,0,39.037833732419514,305.7739990234375,313.4539354697287,311.42319264341154
2023-02-21,311.6499938964844,313.8999938964844,307.0,308.04998779296875,257.0928649902344,6336180,0.0,0,40.474226106632514,306.2864990234375,312.4713995284996,310.0059896277799
2023-02-22,306.8500061035156,307.8500061035156,301.1499938964844,303.25,253.0868682861328,6166923,0.0,0,36.799095412688054,306.72249908447264,310.79478143240874,307.4058494350183
2023-02-23,302.54998779296875,306.75,301.6499938964844,302.8999938964844,252.79478454589844,4584146,0.0,0,36.71334050736759,307.05099914550783,309.3593655167861,305.41217176977545
2023-02-24,303.8999938964844,304.8500061035156,292.0,294.45001220703125,245.74258422851562,10491706,0.0,0,36.37418860677878,307.31199920654296,306.64857400592155,301.20113152220546
2023-02-27,293.95001220703125,293.95001220703125,280.75,287.3500061035156,239.81704711914062,10621491,0.0,0,28.556748210703148,307.3939993286133,303.13974347821136,295.8118837415899
2023-02-28,282.1000061035156,282.8500061035156,261.95001220703125,268.3500061035156,223.95997619628906,51008515,0.0,0,12.835093178679628,307.15349945068357,296.8143366828121,285.6434822475224
2023-03-01,267.04998779296875,279.8999938964844,266.1499938964844,278.6000061035156,232.51443481445312,18728209,0.0,0,26.769906254348314,307.0204995727539,293.5026402138491,281.6532803830969
2023-03-02,280.0,282.04998779296875,273.70001220703125,274.8999938964844,229.42648315429688,11979398,0.0,0,24.75319039642197,306.79899963378904,290.12034088341915,277.6580742969974
2023-03-03,276.8999938964844,290.8999938964844,276.54998779296875,289.25,241.40274047851562,16106822,0.0,0,38.295338916461155,306.83099975585935,289.9620970864338,279.6362249545553
2023-03-06,292.5,294.6000061035156,286.20001220703125,286.95001220703125,239.4832305908203,10687170,0.0,0,33.00063985364346,306.82449981689456,289.4144452901788,280.517925712615
2023-03-08,283.8999938964844,285.54998779296875,277.3500061035156,285.04998779296875,237.89747619628906,9159693,0.0,0,32.71489482949862,306.74499969482423,288.6209075634133,280.6926788598712
2023-03-09,287.0,290.79998779296875,284.6000061035156,285.5,238.27305603027344,6175922,0.0,0,31.529273854323506,306.72149963378905,288.0534698246109,281.1024700081472
2023-03-10,280.8999938964844,284.95001220703125,272.54998779296875,279.8500061035156,233.55767822265625,12081164,0.0,0,29.732959669865977,306.71949981689454,286.5619309662299,279.6543993231752
2023-03-13,277.95001220703125,287.3999938964844,275.6499938964844,278.79998779296875,232.6813507080078,11122038,0.0,0,30.493017351296146,306.7104995727539,285.1506685710915,278.34438253984257
2023-03-14,281.75,281.75,275.54998779296875,279.3999938964844,233.18209838867188,8027650,0.0,0,32.08256343645378,306.73199951171875,284.10509135752653,277.6808396117697
2023-03-15,283.04998779296875,284.8999938964844,279.70001220703125,280.3999938964844,234.0166778564453,6345240,0.0,0,34.996727520853355,306.70749938964843,283.4314372737007,277.62405977676946
2023-03-16,276.8999938964844,278.75,268.79998779296875,275.04998779296875,229.55166625976562,11692502,0.0,0,32.84042072630149,306.656999206543,281.907537368113,275.9092194933249
2023-03-17,280.0,286.79998779296875,277.5,284.5,237.4384765625,14420400,0.0,0,43.943998191049076,306.68449920654297,282.37889421027427,277.85683518357956
2023-03-20,281.04998779296875,283.29998779296875,275.0,279.8999938964844,233.5994110107422,8043963,0.0,0,45.323292489130544,306.6834991455078,281.9281850623125,277.8595565557754
2023-03-21,282.0,284.3999938964844,281.20001220703125,283.70001220703125,236.77081298828125,4662762,0.0,0,61.90845379073815,306.63699920654295,282.25033545226137,279.18503517505286
2023-03-22,285.0,287.79998779296875,280.1000061035156,285.3500061035156,238.14785766601562,9306264,0.0,0,56.04296424622045,306.64199920654295,282.81391193430755,280.76704701099294
2023-03-23,285.0,285.0,267.25,271.25,226.38027954101562,31634089,0.0,0,47.24530116013174,306.54649932861327,280.71138249170616,277.31642346504765
2023-03-24,279.0,279.5,268.25,269.75,225.12840270996094,21108973,0.0,0,31.741580246795223,306.37499938964845,278.7184038568505,274.31009122470255
2023-03-27,271.5,274.20001220703125,269.54998779296875,272.75,227.63214111328125,9242191,0.0,0,36.87612981237975,306.12999938964845,277.63323951924133,273.1385765439855
2023-03-28,274.79998779296875,275.79998779296875,270.0,274.25,228.88400268554688,10805861,0.0,0,39.944135885169416,305.84349945068357,277.01810506119745,272.83736170667953
2023-03-29,277.0,282.45001220703125,272.8999938964844,281.75,235.14337158203125,24728158,0.0,0,46.913574302071765,305.4414993286133,277.8784495955252,275.16175965173323
2023-03-31,284.95001220703125,285.0,273.0,274.45001220703125,229.0509490966797,41562626,0.0,0,45.67308326201233,305.1204995727539,277.2550973430717,274.52233554614367
2023-04-03,277.95001220703125,283.0,276.6000061035156,282.3999938964844,235.68585205078125,13738062,0.0,0,52.59741339031286,304.8684994506836,278.19053308005584,276.71999357646536
2023-04-05,284.0,287.25,280.3999938964844,286.25,238.89898681640625,16288540,0.0,0,54.72089343937163,304.65949951171876,279.6558907018639,279.6516509804055
2023-04-06,266.45001220703125,274.5,266.0,273.20001220703125,245.59625244140625,23000052,20.5,0,58.71805140357734,304.2674996948242,278.4820946118943,277.51824712981687
2023-04-10,273.0,273.0,269.1000061035156,269.8999938964844,242.62966918945312,9479279,0.0,0,60.07347662583901,303.8189996337891,276.92171266363795,274.85643403881943
2023-04-11,273.0,273.8500061035156,270.1499938964844,272.75,245.1917266845703,8814894,0.0,0,56.50568130167657,303.35999969482424,276.16321945206744,273.85286067684007
2023-04-12,273.04998779296875,276.6000061035156,273.0,275.6000061035156,247.75375366210938,7011009,0.0,0,62.13688545846159,302.9964996337891,276.060817025058,274.0867396777733
2023-04-13,275.0,278.79998779296875,273.79998779296875,275.70001220703125,247.84365844726562,6795496,0.0,0,60.02434564853305,302.68049987792966,275.99521614905314,274.3263885118163
2023-04-17,275.0,279.75,273.5,279.0,250.8102264404297,8147387,0.0,0,61.14266716330412,302.36649993896486,276.54154048558894,275.62312869410624
2023-04-18,279.0,280.29998779296875,277.0,279.6000061035156,251.349609375,4609166,0.0,0,77.38399883796352,302.0835000610352,277.09762514339377,276.8011756703846
2023-04-19,281.0,284.0,280.0,281.54998779296875,253.10256958007812,9731032,0.0,0,80.3458936795051,301.79799987792967,277.90714562513466,278.3269309959152
2023-04-20,280.54998779296875,282.8500061035156,278.79998779296875,279.6000061035156,251.349609375,4378157,0.0,0,76.15431833279825,301.5154998779297,278.2149384393857,278.8102296816843
2023-04-21,279.6000061035156,279.8500061035156,276.0,276.75,248.78756713867188,4599260,0.0,0,71.33214363512549,301.17399993896487,277.94858599586104,278.2177177403124
2023-04-24,275.5,276.75,273.6000061035156,275.25,247.43910217285156,4484853,0.0,0,64.72871490105892,300.76100006103513,277.4579339966136,277.27669015178043
2023-04-25,275.8999938964844,281.3999938964844,275.45001220703125,278.70001220703125,250.54054260253906,5696665,0.0,0,77.72872612719038,300.44250030517577,277.6837663985077,277.720247945194
2023-04-26,277.6000061035156,277.95001220703125,275.20001220703125,276.20001220703125,248.2931365966797,3570055,0.0,0,68.34470046328511,300.1860003662109,277.41399290914836,277.223117683325
2023-04-27,276.3999938964844,277.79998779296875,275.0,276.1000061035156,248.2032470703125,3689315,0.0,0,64.89208098956857,299.90350036621095,277.1750862172151,276.8234464663233
2023-04-28,277.0,280.0,276.25,279.3500061035156,251.12486267089844,4837041,0.0,0,60.06545044406848,299.5945004272461,277.57052619654246,277.60636274708065
2023-05-02,282.0,282.8500061035156,280.1000061035156,281.1000061035156,252.6980438232422,4879314,0.0,0,69.31034341478605,299.2670004272461,278.2122498159921,278.76661722780034
2023-05-03,279.25,280.25,276.5,278.25,250.135986328125,4587957,0.0,0,59.482697567539574,298.8570004272461,278.2191134858117,278.67830255259815
2023-05-04,278.54998779296875,280.8999938964844,277.3999938964844,278.1499938964844,250.0460968017578,3969851,0.0,0,54.857119578817496,298.49400024414064,278.2065462877522,278.571964180347
2023-05-05,278.1499938964844,278.20001220703125,274.04998779296875,274.70001220703125,246.94471740722656,5353349,0.0,0,48.31084781315963,298.1120004272461,277.568994636712,277.3463397434385
2023-05-08,276.6000061035156,280.0,274.75,279.1000061035156,250.90013122558594,4388448,0.0,0,50.162882297912056,297.7645004272461,277.847360357949,277.89294194446467
2023-05-09,280.5,288.0,279.79998779296875,283.75,255.08030700683594,11933072,0.0,0,55.97124171641175,297.51350036621096,278.92056756559464,279.835940215363
2023-05-10,286.0,287.5,283.8999938964844,285.8999938964844,257.0130615234375,5747802,0.0,0,56.22319764318954,297.28350036621094,280.18955417121094,281.9767571983439
2023-05-11,287.0,287.0,281.0,281.45001220703125,253.0126953125,5313663,0.0,0,52.469972896289775,296.9665005493164,280.4187283595419,282.06849153583056
2023-05-12,282.20001220703125,282.20001220703125,274.1000061035156,275.1000061035156,247.3042755126953,9987592,0.0,0,47.98533993826426,296.5570007324219,279.4516879493553,280.01027930343884
2023-05-15,272.0,277.70001220703125,268.5,277.1499938964844,249.14715576171875,9215600,0.0,0,52.289194472018366,296.21900054931643,279.0331981215606,279.14782664306966
2023-05-16,278.0,282.1000061035156,277.1000061035156,279.8500061035156,251.5743408203125,5374740,0.0,0,51.41103527848531,295.9395007324219,279.18170866373424,279.39700426129286
2023-05-17,279.6499938964844,283.0,275.5,279.45001220703125,251.21475219726562,8194381,0.0,0,54.20439299352008,295.590500793457,279.2304911261519,279.44655499340524
2023-05-18,282.0,284.20001220703125,278.0,278.54998779296875,250.4056854248047,7505208,0.0,0,53.10517703762251,295.25500061035154,279.1067632473913,279.18231087434
2023-05-19,281.0,282.29998779296875,277.20001220703125,281.95001220703125,253.46218872070312,6918149,0.0,0,53.28286627515476,295.04250061035157,279.62371760368944,280.1084919536186
2023-05-22,284.0,287.8500061035156,282.5,287.5,258.451416015625,8718882,0.0,0,57.37329973510695,294.8970007324219,281.05576894847314,282.624080880511
2023-05-23,293.0,293.0,288.0,288.3500061035156,259.21551513671875,19814977,0.0,0,62.19810991984584,294.9285006713867,282.38199388575356,284.7502513242867
2023-05-24,290.0,292.95001220703125,284.6000061035156,291.3500061035156,261.9123840332031,12159427,0.0,0,64.89843867640957,294.88100067138674,284.0125415617103,287.28429120083837
2023-05-25,291.45001220703125,296.5,290.6499938964844,295.79998779296875,265.91278076171875,13711792,0.0,0,73.28915898755217,294.76250061035154,286.15571360375725,290.5861040701732
2023-05-26,298.0,298.20001220703125,295.5,297.6499938964844,267.57586669921875,14274998,0.0,0,71.69589798097269,294.69000061035155,288.24558274788944,293.5803406110652
2023-05-29,299.8999938964844,300.95001220703125,297.20001220703125,300.3500061035156,270.0030517578125,13277968,0.0,0,70.3431161477802,294.62250061035155,290.4463869943669,296.611846902265
2023-05-30,283.20001220703125,288.45001220703125,283.0,285.6000061035156,273.5954284667969,14960466,18.5,0,71.62696470007602,294.3945007324219,289.56522683239393,293.8887448063327
2023-05-31,280.0,283.25,277.79998779296875,278.29998779296875,266.6022644042969,13042404,0.0,0,66.44030176408086,294.0165005493164,287.5170015524984,289.3786046658065
2023-06-01,278.0,280.5,277.6000061035156,278.1000061035156,266.4106750488281,5137986,0.0,0,76.67506726514718,293.60200073242186,285.80482056177425,285.9270750257066
2023-06-02,279.6499938964844,281.25,278.6499938964844,280.1000061035156,268.32659912109375,4851414,0.0,0,76.7225434361662,293.3200009155273,284.7675815693636,284.01895786424495
2023-06-05,280.04998779296875,280.04998779296875,276.29998779296875,278.29998779296875,266.6022644042969,6297485,0.0,0,71.35654745899436,292.9895007324219,283.59165542820085,282.0170237357888
2023-06-06,279.0,279.79998779296875,277.04998779296875,277.3999938964844,265.7400817871094,3892263,0.0,0,70.35157723162861,292.66700073242185,282.46589878607057,280.2564901487178
2023-06-07,277.95001220703125,278.8999938964844,276.70001220703125,278.45001220703125,266.7459716796875,4434944,0.0,0,72.76895004586206,292.2965008544922,281.7357375898816,279.33063499880194
2023-06-08,279.8500061035156,280.75,277.1000061035156,277.54998779296875,265.8837890625,5236354,0.0,0,68.43596142784025,291.9115008544922,280.97469217226103,278.38420743787
2023-06-09,278.8999938964844,278.8999938964844,276.1000061035156,276.75,265.1174011230469,3951837,0.0,0,61.31144416906345,291.4975009155273,280.206566322759,277.45861220866465
2023-06-12,278.79998779296875,279.5,276.70001220703125,277.8500061035156,266.1711730957031,3615243,0.0,0,61.68808325547192,291.11000091552734,279.77810082835106,277.1792120577583
2023-06-13,279.29998779296875,279.29998779296875,277.1499938964844,278.0,266.31488037109375,4423326,0.0,0,58.0921758973076,290.698000793457,279.4548097686509,277.0639353620476
2023-06-14,279.1000061035156,283.0,279.0,281.0,269.18878173828125,8520513,0.0,0,56.28171638297474,290.33700073242187,279.73575344707797,278.0094464876611
2023-06-15,281.8999938964844,282.79998779296875,280.6000061035156,281.29998779296875,269.4761657714844,3650454,0.0,0,53.84676210727122,289.97050048828123,280.02015969178535,278.8404227433867
2023-06-16,282.20001220703125,282.8500061035156,279.1000061035156,280.04998779296875,268.2786865234375,4363955,0.0,0,46.32649133893487,289.5295004272461,280.02558298290955,279.064780899685
2023-06-19,281.8999938964844,281.8999938964844,279.6499938964844,280.54998779296875,268.7576904296875,3070098,0.0,0,38.11769644182264,289.0270004272461,280.1209293120112,279.412829149547
2023-06-20,279.0,284.3500061035156,279.0,282.6499938964844,270.7694091796875,5600444,0.0,0,63.551286860663375,288.5445004272461,280.58075923646084,280.37762904172166
2023-06-21,282.6499938964844,283.1499938964844,280.29998779296875,281.25,269.4282531738281,3186136,0.0,0,59.13032879525459,288.06550048828126,280.70243937528613,280.63579842044754
2023-06-22,282.0,282.8500061035156,279.0,280.6499938964844,268.8534851074219,3205576,0.0,0,51.735018943010175,287.57550048828125,280.6929038336858,280.63057760932674
2023-06-23,280.8500061035156,280.8500061035156,275.8999938964844,276.20001220703125,264.5905456542969,5178936,0.0,0,44.32438482599486,287.07500061035154,279.87601444702136,279.1566562198203
2023-06-26,276.20001220703125,280.6499938964844,274.29998779296875,279.79998779296875,268.0392150878906,4184383,0.0,0,55.66039153458235,286.6755004882813,279.86219141901176,279.2623158465667
2023-06-27,280.0,280.54998779296875,278.70001220703125,279.54998779296875,267.7997131347656,5026622,0.0,0,52.696015278643166,286.2520004272461,279.80542712336756,279.26817632220366
2023-06-28,279.54998779296875,279.54998779296875,279.54998779296875,279.54998779296875,267.7997131347656,0,0.0,0,55.12816952259282,285.72350036621094,279.7589836087496,279.2814155322008
2023-06-30,279.95001220703125,280.29998779296875,277.3999938964844,277.95001220703125,266.2669982910156,5227979,0.0,0,52.95576165591701,285.22300048828123,279.43007971752803,278.77023901662506
2023-07-03,279.29998779296875,280.3500061035156,277.79998779296875,278.1000061035156,266.4106750488281,3717787,0.0,0,50.64602375997681,284.7335006713867,279.18824815134394,278.45051629645457
2023-07-04,279.8999938964844,279.8999938964844,277.0,277.54998779296875,265.8837890625,3459962,0.0,0,48.86074030104974,284.3660006713867,278.89038263163934,278.0430756887897
2023-07-05,278.70001220703125,278.70001220703125,277.0,277.45001220703125,265.7879943847656,2945805,0.0,0,39.4658282460283,284.078000793457,278.6284970998924,277.7209759843134
2023-07-06,279.0,280.45001220703125,276.75,280.0,268.2308044433594,9098372,0.0,0,46.59683768096604,283.7965008544922,278.8778612635483,278.3393692119749
2023-07-07,280.5,283.04998779296875,279.0,280.54998779296875,268.7576904296875,8454807,0.0,0,51.358758695674766,283.4610006713867,279.1818842688975,278.9900459583504
2023-07-10,283.0,283.8999938964844,279.54998779296875,282.25,270.38623046875,8227148,0.0,0,54.33674547422691,283.18250061035155,279.7397234927343,280.0391787854259
2023-07-11,276.20001220703125,279.79998779296875,275.0,277.54998779296875,265.8837890625,13640445,0.0,0,38.51349606095829,282.85100036621094,279.34158972914054,279.2608527984024
2023-07-12,277.54998779296875,278.1000061035156,276.04998779296875,277.6499938964844,265.9795837402344,5782947,0.0,0,41.387551786264105,282.5400003051758,279.03402685047575,278.71632700641885
2023-07-13,278.5,281.3999938964844,277.5,278.04998779296875,266.3627624511719,5632082,0.0,0,43.71975918151263,282.17850006103515,278.85511065820174,278.4487884466583
2023-07-14,279.6000061035156,286.3999938964844,278.75,284.8500061035156,272.876953125,10425854,0.0,0,68.76358746353065,281.8970001220703,279.94509164825877,280.504448830679
2023-07-17,285.0,285.75,282.3999938964844,283.8500061035156,271.9189758300781,4852437,0.0,0,59.90220239337755,281.5870001220703,280.6550760946691,281.69362833643953
2023-07-18,284.3999938964844,284.8999938964844,280.20001220703125,281.45001220703125,269.619873046875,3886657,0.0,0,54.20360375345174,281.2615002441406,280.7996099332804,281.7675894535928
2023-07-19,284.0,285.29998779296875,282.04998779296875,283.6499938964844,271.7273864746094,5190259,0.0,0,58.266173058988855,280.9895001220703,281.31786156295385,282.53386886748774
2023-07-20,284.0,284.20001220703125,281.45001220703125,282.20001220703125,270.3383483886719,3435623,0.0,0,58.62068965517242,280.73100036621094,281.47825258914975,282.60439667792866
2023-07-21,282.0,282.0,277.79998779296875,278.25,266.5543518066406,7273251,0.0,0,50.26358693217955,280.48100036621094,280.8912975729407,281.3324522686797
2023-07-24,272.5,274.79998779296875,270.29998779296875,271.29998779296875,259.896484375,16254554,0.0,0,41.032977319180524,280.1650003051758,279.1474230674912,278.0815614050008
2023-07-25,274.8999938964844,277.75,272.1000061035156,276.8999938964844,265.2611083984375,7486014,0.0,0,49.318457966245404,279.9895001220703,278.7387995818536,277.5324026424761
2023-07-26,277.20001220703125,279.79998779296875,275.79998779296875,278.95001220703125,267.2249450683594,4427527,0.0,0,48.68256752241154,279.90550018310546,278.7772018773404,277.82156989597536
2023-07-27,279.5,280.6499938964844,276.75,277.1499938964844,265.5005798339844,4048684,0.0,0,45.863720461928274,279.99350006103515,278.48134588082115,277.4574011716431
2023-07-28,277.8500061035156,279.3500061035156,276.20001220703125,278.79998779296875,267.08123779296875,3466932,0.0,0,45.797803487227874,279.99549987792966,278.53928077393886,277.7489091062531
2023-07-31,280.5,281.8500061035156,275.70001220703125,276.0,264.39892578125,9590319,0.0,0,48.02041749596809,280.00649993896485,278.0775933604954,277.0531813850261
2023-08-01,279.0,279.0,275.6000061035156,276.8999938964844,265.2611083984375,5615483,0.0,0,49.061328055538056,279.8829998779297,277.86348436703884,276.85014902882676
2023-08-02,277.25,277.3999938964844,270.3500061035156,272.1499938964844,260.71075439453125,10728356,0.0,0,43.34086720278669,279.73499969482424,276.8246679178471,275.145634637244
2023-08-03,260.8999938964844,261.0,247.60000610351562,254.0500030517578,243.37156677246094,226675327,0.0,0,22.302181974964512,279.4249998474121,272.6838197603763,267.92209858377043
2023-08-04,254.5,254.60000610351562,245.39999389648438,247.0500030517578,236.66578674316406,31876311,0.0,0,20.129893133071306,279.0404998779297,268.02312581335474,260.3138770758414
2023-08-07,248.0,248.5,237.0,237.9499969482422,227.9482879638672,34406950,0.0,0,18.15521520794576,278.62149978637694,262.5552842015161,251.77402846113722
2023-08-08,238.0,243.8000030517578,237.1999969482422,240.0500030517578,229.96002197265625,24176083,0.0,0,18.035229997860654,278.23399993896487,258.46341490156004,246.29449441401334
2023-08-09,242.89999389648438,244.5,240.25,244.0500030517578,233.79188537597656,10427414,0.0,0,23.038890896340106,277.88050003051757,255.84279456523234,243.74226116388058
2023-08-10,244.89999389648438,244.89999389648438,241.8000030517578,243.85000610351562,233.6002960205078,8194222,0.0,0,24.328390888734262,277.5150001525879,253.66228757219292,241.97779997678197
2023-08-11,243.85000610351562,243.89999389648438,237.8000030517578,238.1999969482422,228.18777465820312,12825769,0.0,0,24.809769735677747,277.1465002441406,250.85096200420185,238.99075123414565
2023-08-14,238.1999969482422,238.89999389648438,232.5500030517578,234.0,224.16432189941406,8996918,0.0,0,16.640775972709363,276.6415002441406,247.7871507307106,235.57658724053545
2023-08-16,234.0,236.89999389648438,232.0500030517578,236.5,226.55923461914062,7462518,0.0,0,17.220093803488922,276.20750030517576,245.73494150694503,234.06540019553898
2023-08-17,236.89999389648438,237.35000610351562,233.5,234.0,224.16432189941406,6139153,0.0,0,17.035929812299173,275.71050018310547,243.60131577840957,232.3078154730029
2023-08-18,234.0,236.0,232.64999389648438,233.35000610351562,223.54164123535156,5574667,0.0,0,14.740116606532908,275.1905001831055,241.7374412920652,230.97231646245072
2023-08-21,233.9499969482422,234.9499969482422,233.64999389648438,234.35000610351562,224.49960327148438,3857957,0.0,0,16.759778808873065,274.8215002441406,240.39427125778346,230.4874845509593
2023-08-22,234.35000610351562,236.89999389648438,234.35000610351562,235.0,225.12228393554688,4862624,0.0,0,16.426270065454105,274.4740002441406,239.41349466545918,230.50548832979229
2023-08-23,236.0,239.0,235.5,238.0,227.99618530273438,5524962,0.0,0,21.84665437223552,274.12650024414063,239.15649563537568,231.6578548815799
2023-08-24,238.64999389648438,240.8000030517578,237.1999969482422,237.5500030517578,227.5651092529297,5052952,0.0,0,30.813944012363336,273.7595002746582,238.86440607471786,232.49017218107403
2023-08-25,238.8000030517578,238.8000030517578,232.0,233.3000030517578,223.49374389648438,6099075,0.0,0,32.919249988226895,273.2750003051758,237.85269643417965,231.80965172439434
2023-08-28,237.25,240.1999969482422,236.0500030517578,238.1999969482422,228.18777465820312,8338095,0.0,0,50.34673359063123,272.9125001525879,237.91584198219098,233.02319721346683
2023-08-29,239.0,239.8000030517578,236.3000030517578,237.0,227.03822326660156,4115948,0.0,0,45.66144679917762,272.45850021362304,237.74932525815623,233.6100113095353
2023-08-30,238.75,239.1999969482422,236.25,236.5,226.55923461914062,3960361,0.0,0,38.07265829805031,271.96100021362304,237.52217521121872,233.9496137603073
2023-08-31,237.0500030517578,237.35000610351562,231.60000610351562,232.3000030517578,222.53578186035156,11631767,0.0,0,33.800832115066356,271.5520001220703,236.57268936404398,232.87283248379168
2023-09-01,232.3000030517578,236.8000030517578,232.3000030517578,236.14999389648438,226.22393798828125,6220159,0.0,0,46.9719228438167,271.2145001220703,236.4958356426695,233.40579969588396
2023-09-04,238.0,244.5,236.14999389648438,241.6999969482422,231.54066467285156,14056203,0.0,0,60.93750848454681,270.90400009155275,237.44204678913727,235.68800831615
2023-09-05,243.0,243.9499969482422,238.8000030517578,241.39999389648438,231.25326538085938,5648932,0.0,0,57.42423671988656,270.56199996948243,238.16167353592763,237.31533666903928
2023-09-06,245.0500030517578,246.5500030517578,240.1999969482422,241.35000610351562,231.20538330078125,10891500,0.0,0,62.029482259079536,270.21849990844726,238.74137036639814,238.52321033660172
2023-09-07,241.35000610351562,241.9499969482422,237.5500030517578,239.10000610351562,229.04995727539062,6429626,0.0,0,58.94247818959115,269.8194999694824,238.80657686405584,238.68143306503325
2023-09-08,239.0500030517578,239.9499969482422,236.6999969482422,237.75,227.75669860839844,6836165,0.0,0,55.23078664824536,269.40099990844726,238.61447197968204,238.35490487508503
2023-09-11,238.0,238.8000030517578,236.5,238.3000030517578,228.28358459472656,7148576,0.0,0,55.09261284894202,268.9685000610352,238.55729581096853,238.29814222371448
2023-09-12,239.60000610351562,239.60000610351562,230.0500030517578,231.8000030517578,222.05679321289062,10667079,0.0,0,41.36490127107063,268.4905000305176,237.32869712747564,236.1114452695918
2023-09-13,231.8000030517578,234.3000030517578,231.0,233.3000030517578,223.49374389648438,6192848,0.0,0,44.2489747901623,268.05600006103515,236.59620729552694,235.0009640947549
2023-09-14,234.9499969482422,237.9499969482422,234.0,236.1999969482422,226.27183532714844,8069630,0.0,0,54.07301881465567,267.6655000305176,236.52416905056606,235.1600296858755
2023-09-15,236.1999969482422,240.5500030517578,235.4499969482422,236.3000030517578,226.36764526367188,20035443,0.0,0,46.91559650487365,267.24149993896486,236.48341159623726,235.33395056249415
2023-09-18,237.89999389648438,238.60000610351562,236.0500030517578,236.5,226.55923461914062,4974748,0.0,0,49.16106458821851,266.84449981689454,236.48642766964866,235.5484272475591
2023-09-20,235.0,235.9499969482422,231.25,231.8000030517578,222.05679321289062,8778511,0.0,0,43.08823722315189,266.401499786377,235.63435046639574,234.16974150020644
2023-09-21,231.8000030517578,231.8000030517578,224.64999389648438,226.5,216.9795684814453,11856688,0.0,0,41.73788268779066,265.8729997253418,233.9735594725056,231.41641405062245
2023-09-22,228.5,228.75,222.5500030517578,225.0500030517578,215.59051513671875,7322963,0.0,0,33.02754572688083,265.3124996948242,232.35109466873325,228.93141357501514
2023-09-25,225.4499969482422,226.5,223.8000030517578,224.5500030517578,215.1115264892578,4962618,0.0,0,18.987340313750067,264.7754997253418,230.9327143747377,226.97430051206294
2023-09-26,225.0,227.1999969482422,223.64999389648438,224.0,214.5846405029297,4392920,0.0,0,18.817206449649717,264.23399978637696,229.6722208520581,225.40220571858634
2023-09-27,217.5,220.4499969482422,208.10000610351562,209.0,200.2151336669922,35505658,0.0,0,12.252038059892627,263.57699966430664,225.913635242593,219.34478008928102
2023-09-28,209.0,213.14999389648438,208.0,208.35000610351562,199.59246826171875,17396618,0.0,0,12.72727272727272,262.86949966430666,222.7202481263971,214.73295899679977
2023-09-29,210.0,224.75,210.0,222.5500030517578,213.1956024169922,27711678,0.0,0,35.95194422444479,262.2574996948242,222.6892944764627,216.12891402048217
2023-10-03,230.0,233.75,225.10000610351562,230.75,221.05091857910156,46754460,0.0,0,43.88662553595206,261.70599975585935,224.15487729892402,219.98640650786285
2023-10-04,230.25,232.25,220.9499969482422,223.39999389648438,214.00985717773438,15548752,0.0,0,43.29072214263722,261.1254995727539,224.0176257712077,220.49476205584432
2023-10-05,225.10000610351562,225.60000610351562,220.0500030517578,222.0,212.66871643066406,10155103,0.0,0,40.95999547381118,260.59449951171877,223.6507847218972,220.46829900534584
2023-10-06,222.64999389648438,224.10000610351562,220.85000610351562,222.6999969482422,213.3392791748047,5523734,0.0,0,38.805963052656935,260.0499995422363,223.47791421759626,220.7326227641717
2023-10-09,219.9499969482422,221.1999969482422,217.35000610351562,218.9499969482422,209.7469024658203,5142409,0.0,0,36.43469279026458,259.4409994506836,222.65465653225914,219.73493450963593
2023-10-10,219.1999969482422,224.0,218.64999389648438,222.14999389648438,212.81239318847656,5621177,0.0,0,39.283028411401105,258.8679992675781,222.56289968939097,220.09896243580715
2023-10-11,222.39999389648438,229.9499969482422,222.14999389648438,227.64999389648438,218.0812225341797,12216514,0.0,0,46.93726220678685,258.35899932861327,223.48782590886248,222.2286350627706
2023-10-12,226.0,227.64999389648438,225.25,226.1999969482422,216.69216918945312,7239091,0.0,0,49.76525060915193,257.8014991760254,223.9809479160224,223.35416432053262
2023-10-13,225.0,229.39999389648438,224.8000030517578,226.1999969482422,216.69216918945312,7221397,0.0,0,50.92073032005574,257.1884991455078,224.384411376426,224.2016949022646
2023-10-16,226.8000030517578,232.6999969482422,224.3000030517578,229.85000610351562,220.18875122070312,10185425,0.0,0,54.03963575643573,256.60349914550784,225.37815587226044,226.0417242536293
2023-10-17,230.25,231.5500030517578,229.0,229.9499969482422,220.2845458984375,5064750,0.0,0,54.566389280135624,255.9894990539551,226.2093997042571,227.4324278788289
2023-10-18,230.10000610351562,232.5,228.3000030517578,230.5,220.81143188476562,5784720,0.0,0,71.2031783741872,255.3364991760254,226.98950884893762,228.62843938287133
2023-10-19,229.0,230.9499969482422,226.5,227.14999389648438,217.60223388671875,4657398,0.0,0,67.6029866470675,254.6314991760254,227.01868794849156,228.3835049213451
2023-10-20,226.6999969482422,229.75,222.3000030517578,222.75,213.38719177246094,5244069,0.0,0,50.22935310587506,253.85549911499024,226.24256286694762,226.72421986892823
2023-10-23,222.75,225.1999969482422,214.5,215.0500030517578,206.01083374023438,7384814,0.0,0,31.78653855037649,253.14999908447265,224.20755199145856,222.93662609495163
2023-10-25,215.0,219.89999389648438,214.3000030517578,216.8000030517578,207.68728637695312,6955789,0.0,0,41.20001699018817,252.53499923706056,222.86072491151296,220.7189270216882
2023-10-26,215.5500030517578,215.75,211.1999969482422,212.25,203.3285369873047,7706350,0.0,0,38.007383833151394,251.8764991760254,220.93150220032877,217.6006671631396
2023-10-27,213.85000610351562,217.3000030517578,213.25,215.8000030517578,206.72930908203125,4623399,0.0,0,42.068972083007296,251.2334991455078,219.99850235513404,216.50991017863817
2023-10-30,215.75,217.0,214.4499969482422,216.4499969482422,207.35198974609375,2745365,0.0,0,46.9059485476668,250.61499923706054,219.35331955388097,215.97114002663187
2023-10-31,217.89999389648438,218.1999969482422,214.4499969482422,216.60000610351562,207.49569702148438,3233237,0.0,0,42.57031794736202,250.00699935913087,218.85271710835997,215.67589549427535
2023-11-01,217.0,226.89999389648438,216.3000030517578,223.75,214.34515380859375,11714180,0.0,0,45.000006126267266,249.45999923706054,219.74313217956723,217.872435917213
2023-11-02,224.14999389648438,230.39999389648438,224.14999389648438,229.14999389648438,219.51817321777344,7719938,0.0,0,53.43422614621621,248.9759992980957,221.45347067355215,221.3222688630682
2023-11-03,231.1999969482422,235.64999389648438,231.1999969482422,232.75,222.96685791015625,9794909,0.0,0,57.03544807272747,248.5359992980957,223.50738509654263,225.08051359768433
2023-11-06,232.75,236.4499969482422,230.39999389648438,233.10000610351562,223.30215454101562,7768055,0.0,0,53.75723586469825,248.0884992980957,225.25149800690133,227.96560461631074
2023-11-07,233.10000610351562,238.89999389648438,233.10000610351562,237.75,227.75669860839844,8362338,0.0,0,58.15900236891731,247.6859992980957,227.52395291473744,231.60386688339287
2023-11-08,238.89999389648438,239.8000030517578,236.10000610351562,237.14999389648438,227.18190002441406,5322427,0.0,0,56.948778814475865,247.24749923706054,229.27414218414594,234.04422665165282
2023-11-09,237.0,238.3000030517578,234.25,235.1999969482422,225.31387329101562,3824543,0.0,0,58.66523283430389,246.78649932861327,230.35157032307254,235.1358988192454
2023-11-10,234.0,246.0,233.89999389648438,245.25,234.9414520263672,17676902,0.0,0,71.5930734871947,246.4384994506836,233.0603757188775,239.19112163049576
2023-11-13,244.5,244.6999969482422,241.39999389648438,241.9499969482422,231.7801513671875,4210127,0.0,0,78.19704461790808,246.05249954223632,234.6766704878529,241.01515831742952
2023-11-15,243.0,245.75,237.5500030517578,240.10000610351562,230.00791931152344,6420011,0.0,0,74.37237353917044,245.62699966430665,235.66273150888247,241.655544204833
2023-11-16,241.0,241.6999969482422,234.35000610351562,238.8000030517578,228.76255798339844,6844037,0.0,0,79.79795560100254,245.2024996948242,236.23314451667798,241.60305645610657
2023-11-17,238.0,243.9499969482422,238.0,239.5,229.43313598632812,9273728,0.0,0,78.41724777538747,244.7909997558594,236.8271182409183,241.70666105664745
2023-11-20,239.1999969482422,241.35000610351562,238.0500030517578,239.5500030517578,229.4810333251953,4219360,0.0,0,78.10216969633552,244.42449966430664,237.32218820652548,241.71959866398248
2023-11-21,241.5500030517578,242.5500030517578,239.5500030517578,240.3000030517578,230.1995086669922,4018369,0.0,0,78.41723953134914,244.02949981689454,237.86360908747682,241.9044710916291
2023-11-22,240.0,240.14999389648438,233.9499969482422,236.35000610351562,226.41554260253906,5432510,0.0,0,66.36362921753204,243.5975,237.58840854493843,240.6694042862589
2023-11-23,236.5500030517578,237.35000610351562,233.25,234.14999389648438,224.30799865722656,3977608,0.0,0,57.082128559722484,243.14350006103516,236.9632422452195,238.97255724289352
2023-11-24,234.75,235.5,231.10000610351562,232.1999969482422,222.43997192382812,3866099,0.0,0,49.18275825833076,242.68599990844726,236.09719764576909,237.03260069886113
2023-11-28,235.0,235.0,231.89999389648438,234.39999389648438,224.54750061035156,7469037,0.0,0,51.830968094514425,242.24899978637694,235.78861514589914,236.30146832580814
2023-11-29,235.39999389648438,236.6999969482422,231.64999389648438,233.4499969482422,223.63743591308594,7774049,0.0,0,43.23899245059225,241.8079998779297,235.36341183723422,235.43512536825213
2023-11-30,233.89999389648438,234.89999389648438,230.75,233.35000610351562,223.54164123535156,19036194,0.0,0,43.92974042470037,241.36699981689452,234.99733806746718,234.756497872127
2023-12-01,234.8000030517578,242.0,233.5500030517578,239.39999389648438,229.3373260498047,9817732,0.0,0,55.93219042511021,240.96099975585938,235.7978209454703,236.25571041310363
2023-12-04,244.5,244.5,239.5,241.89999389648438,231.7322540283203,12552937,0.0,0,43.985621632751105,240.57449981689453,236.90730693656374,238.18970503915838
2023-12-05,242.1999969482422,246.8000030517578,239.0,242.39999389648438,232.2112274169922,10005319,0.0,0,50.898185316572885,240.17599975585938,237.90597729291292,239.7723060320488
2023-12-06,244.0,252.1999969482422,240.8000030517578,249.4499969482422,238.96490478515625,17430210,0.0,0,65.45453588080889,239.89499984741212,240.00488995751823,243.24917837876103
2023-12-07,250.9499969482422,251.25,245.4499969482422,248.85000610351562,238.39013671875,6937185,0.0,0,67.00510514573463,239.60699996948242,241.6130928931541,245.58331309423664
2023-12-08,249.75,254.0,241.5,244.8000030517578,234.51036071777344,13224817,0.0,0,58.05471301207211,239.27450012207032,242.1925311038093,245.91497889523112
2023-12-11,247.14999389648438,249.75,244.3000030517578,248.5500030517578,238.1027374267578,5346227,0.0,0,62.29508624786534,238.91150009155274,243.34843509434538,247.33981382503822
2023-12-12,249.0,251.35000610351562,245.64999389648438,246.64999389648438,236.2825927734375,5675356,0.0,0,58.410587364108366,238.53949996948242,243.9487185129161,247.7055329986772
2023-12-13,247.1999969482422,255.8000030517578,243.64999389648438,253.35000610351562,242.70098876953125,15557190,0.0,0,70.98765262158108,238.25849990844728,245.65804352938872,250.1303394857618
2023-12-14,255.8000030517578,258.0,248.8000030517578,254.64999389648438,243.9463348388672,18271383,0.0,0,75.8838601205081,237.96849990844726,247.2929435961334,252.28974034232067
2023-12-15,258.54998779296875,259.8500061035156,255.64999389648438,257.20001220703125,246.38916015625,17235864,0.0,0,81.09453564254045,237.71849990844726,249.0942287981148,254.65629584661647
2023-12-18,260.0,263.5,256.8999938964844,260.70001220703125,249.74205017089844,12388584,0.0,0,81.68675679140378,237.5430000305176,251.2043712360996,257.4816335432249
2023-12-19,266.25,266.3999938964844,259.25,262.1000061035156,251.0832061767578,17762921,0.0,0,84.14779635171801,237.45100021362305,253.18539575744796,259.9421758898355
2023-12-20,263.8999938964844,264.0,250.8000030517578,251.4499969482422,240.88084411621094,15309407,0.0,0,67.23808275551559,237.19650024414062,252.8698687012287,258.1399848544573
2023-12-21,251.0,256.8999938964844,249.10000610351562,255.9499969482422,245.1916961669922,10812029,0.0,0,66.24141216839777,236.96650009155275,253.42989201886752,258.2000061313954
2023-12-22,259.5,261.3500061035156,257.70001220703125,259.75,248.83197021484375,9677532,0.0,0,67.08133061124698,236.79250015258788,254.57900256089158,259.4220045509795
2023-12-26,262.0,262.8999938964844,259.54998779296875,261.70001220703125,250.70001220703125,12322864,0.0,0,67.97020550454252,236.62150039672852,255.8737315874624,260.89551151018327
2023-12-27,251.89999389648438,254.39999389648438,250.8000030517578,252.39999389648438,252.39999389648438,10673963,11.0,0,64.48084016575433,236.38550033569337,255.24214291637546,258.83411757680324
2023-12-28,253.0,259.3500061035156,253.0,257.54998779296875,257.54998779296875,15441735,0.0,0,68.79728287750554,236.1920002746582,255.66175107575603,258.94395520105377
2023-12-29,256.0,259.5,254.10000610351562,258.54998779296875,258.54998779296875,9136816,0.0,0,74.99719954621543,236.05600021362304,256.18688502434014,259.30197981206163
2024-01-01,258.54998779296875,260.29998779296875,256.0,257.1499938964844,257.1499938964844,6352734,0.0,0,70.75214581750535,236.08700012207032,256.36199572836637,259.0539820397963
2024-01-02,257.5,259.3999938964844,253.10000610351562,258.1499938964844,258.1499938964844,5803881,0.0,0,74.25823824261657,236.1980000305176,256.6870863043878,259.15560375775715
2024-01-03,258.5,267.25,255.85000610351562,263.79998779296875,263.79998779296875,22285124,0.0,0,73.81177397667909,236.45649993896484,257.9803411204934,261.05815479551836
2024-01-04,270.0,270.6499938964844,265.3500061035156,266.1499938964844,266.1499938964844,10745140,0.0,0,74.4488610607339,236.7174998474121,259.46573253430995,263.1992639706349
2024-01-05,266.1499938964844,271.25,263.1000061035156,265.8500061035156,265.8500061035156,12327980,0.0,0,72.49001040399231,236.9354998779297,260.62650954689275,264.6309437323627
2024-01-08,265.8500061035156,267.6000061035156,257.79998779296875,258.45001220703125,258.45001220703125,7890414,0.0,0,59.20257517622742,237.08149993896484,260.230782757827,263.1833615367032
2024-01-09,261.8999938964844,264.3999938964844,255.64999389648438,260.3999938964844,260.3999938964844,10284498,0.0,0,59.72089240812449,237.30349990844726,260.26154841940104,262.7024665979513
2024-01-10,255.64999389648438,268.20001220703125,251.9499969482422,267.04998779296875,267.04998779296875,19849401,0.0,0,79.4902834574776,237.63399978637696,261.49581012368606,264.5027754823695
2024-01-11,268.6000061035156,276.0,266.54998779296875,274.6000061035156,274.6000061035156,24108269,0.0,0,80.88572156580572,238.0149998474121,263.8783912109278,268.28802012123026
2024-01-12,274.6000061035156,275.0,270.20001220703125,272.54998779296875,272.54998779296875,10048702,0.0,0,75.77036682366017,238.4004997253418,265.45504513493523,270.3529129084615
2024-01-15,274.0,275.0,269.70001220703125,273.0,273.0,9881531,0.0,0,75.0,238.79699966430664,266.82685511040154,271.95659145048637
2024-01-16,277.0,278.04998779296875,269.3500061035156,273.20001220703125,273.20001220703125,12507371,0.0,0,74.12994821925355,239.1854997253418,267.9856109461524,273.1307409081998
2024-01-17,270.45001220703125,272.45001220703125,263.6000061035156,264.8500061035156,264.8500061035156,10649774,0.0,0,57.88338598657096,239.48399978637696,267.4155009747639,271.1586991489394
2024-01-18,265.5,268.8999938964844,258.0,267.54998779296875,267.54998779296875,9930238,0.0,0,59.375,239.77949966430663,267.4399531235284,270.5225761150248
2024-01-19,268.1499938964844,269.70001220703125,265.8999938964844,266.45001220703125,266.45001220703125,4537034,0.0,0,59.748450608528415,240.06849975585936,267.2599638659835,269.63484601194375
2024-01-20,266.75,267.75,264.3500061035156,264.8500061035156,264.8500061035156,2939918,0.0,0,56.93583219497894,240.38399978637696,266.82178972735295,268.4063690060773
